"SiteID,SiteName,HostHeader,SecureRoot"
"0,ProExams Admin Site,templates.proexams.com;webservices.proexams.com,https://0.yssecure.com/"
"1,PilotSense Canada,www.pilotsense.com,https://1.yssecure.com/"
"9,Victoria Flying Club,www.victoriaflyingclub.com,https://9.yssecure.com/"
"10,Gun Exams,www.gunexams.com;www.gunexams.ca,https://10.yssecure.com/"
"11,Agent Exams,www.agentexams.com;agentexams.com,https://11.yssecure.com/"
"12,ReadyToDrive.com,www.readytodrive.com;www.readytodrive.ca;server1.proexams.com;server2.proexams.com,https://12.yssecure.com/"
"15,SkiExams.com,www.skiexams.com,https://15.yssecure.com/"
"16,SnowExams.com,snowexams.proexams.com,https://16.yssecure.com/"
"18,SportShooter,sportshooter.gunexams.com,https://18.yssecure.com/"
"20,RadioExams.com,www.radioexams.com,https://20.yssecure.com/"
"21,Rabbit Hill Ski School,www.rabbithill.com,https://21.yssecure.com/"
"23,Matty's Exams,exams.visnet.ca,https://23.yssecure.com/"
"24,CadetExams.com,www.cadetexams.com,https://24.yssecure.com/"
"25,Edmonton Flying Club Exam Centre,exams.edmontonflyingclub.com,https://25.yssecure.com/"
"26,AMA Exam Center,site26.proexams.com,https://26.yssecure.com/"
"27,BoatExams.ca - Inactive,www.boatexams.com;www.boatexams.ca,https://27.yssecure.com/"
"28,ReadytoDrive.co.uk,www.readytodrive.co.uk,https://28.yssecure.com/"
"29,ReadytoDrive.co.uk,www.readytodrive.co.uk,https://29.yssecure.com/"
"30,TrialTec - Trial Technology Exams,exams.trialtec.com,https://30.yssecure.com/"
"31,Arcadia Exams,exams.arcadiaservices.com;exams.arcadiahomecare.com,https://31.yssecure.com/"
"32,PilotExams.com,www.pilotexams.com;pilotexams.com;www.faapilotexams.com;www.pilotexams.ca,https://32.yssecure.com/"
"39,DriverExams.com,www.driverexams.com,https://39.yssecure.com/"
"41,Aprobaelexamen.com,apro.proexams.com;www.aprobaelexamen.com,https://41.yssecure.com/"
"45,SembraCare Solutions Exam Center,Site18.ProExams.Com,https://45.yssecure.com/"
"46,Skilled Trades Exams,Site19.ProExams.Com,https://46.yssecure.com/"
"47,Cindy's Site,Site20.ProExams.Com,https://47.yssecure.com/"
"48,BNSF.ProExams.com,bnsf.ProExams.Com,https://48.yssecure.com/"
"49,Lasalle Corporate Exam Centre,lasalle.ProExams.Com,https://49.yssecure.com/"
"59,Jim's Practice Exam,Site32.ProExams.Com,https://59.yssecure.com/"
"61,AREA Examination Site,exams.areahub.ca;area.proexams.com,https://61.yssecure.com/"
"62,Brent's Cool Exam Site,brenthorn.proexams.com,https://62.yssecure.com/"
"63,Real Estate Cram,www.realestatecram.com,https://63.yssecure.com/"
"64,Gold Coast MortgageCram.com,www.mortgagecram.com,https://64.yssecure.com/"
"65,Gold Coast ContractorCram.com,www.contractorcram.com,https://65.yssecure.com/"
"70,Enterprise Rent A Car,erac.proexams.com,https://70.yssecure.com/"
"71,The ProTraining.com Hunter Education System,www.prohuntertraining.com,https://71.yssecure.com/"
"74,AHCA Testing and Certification,www.ahcaexams.com;Site42.ProExams.Com,https://74.yssecure.com/"
"79,Gold Coast Spanish Real Estate Cram,www.spanishrealestatecram.com,https://79.yssecure.com/"
"80,HISDrivingExams,Site47.ProExams.Com,https://80.yssecure.com/"
"84,ComputerPREP CustomAssess,Site51.ProExams.Com,https://84.yssecure.com/"
"85,A + Real Estate Academy,aplus.ProExams.Com,https://85.yssecure.com/"
"86,NSRE Demo Site,nsre.ProExams.Com,https://86.yssecure.com/"
"88,California Career College Demo Site,Site55.ProExams.Com,https://88.yssecure.com/"
"90,Project Management Demo,Site57.ProExams.Com,https://90.yssecure.com/"
"91,Alberta Gov DKTS,dkts.proexams.com,https://91.yssecure.com/"
"95,Norris School of Real Estate,Norris.ProExams.Com,https://95.yssecure.com/"
"100,Stabler Training,stabler.ProExams.Com,https://100.yssecure.com/"
"105,IWannaPass.com,www.iwannapass.com,https://105.yssecure.com/"
"110,Site70.ProExams.Com,Site70.ProExams.Com,https://110.yssecure.com/"
"111,Roadmasters Drivers School  - CDL Exam Prep,www.truckexams.com,https://111.yssecure.com/"
"114,TexasExamPrep.com,www.texasexamprep.com,https://114.yssecure.com/"
"116,InsuranceExamCram.com,www.insuranceexamcram.com,https://116.yssecure.com/"
"118,PoliceTestSolutions.com (v1),police.proexams.com;exams.jobs4police.com,https://118.yssecure.com/"
"121,ATI - ONLINE ,Site2.ProExams.Com,https://121.yssecure.com/"
"123,MEDTEXT Online Practice Exams,MedTextsdfsdsdffs.ProExams.Com,https://123.yssecure.com/"
"124,""RRAN Testing Services, LLC"",exams.rrantesting.com; rran.proexams.com,https://124.yssecure.com/"
"125,ExamPrepCourse.com,www.examprepcourse.com,https://125.yssecure.com/"
"126,ProRealEstateExam.com,www.ProRealEstateExam.com,https://126.yssecure.com/"
"127,PassTheRealEstateExam.com,www.passtherealestateexam.com,https://127.yssecure.com/"
"128,NewEnglandExams.com,www.newenglandexams.com,https://128.yssecure.com/"
"129,Exam @ SRE Academy,exams.sreacademy.com;sreacademy.proexams.com,https://129.yssecure.com/"
"130,Dianne's Practice Site,dianne.proexams.com,https://130.yssecure.com/"
"131,IAHSS Testing Center,iahss.proexams.com,https://131.yssecure.com/"
"132,SpanishExam @ SRE Academy,spanishexams.sreacademy.com;spanishexams.protraining.com,https://132.yssecure.com/"
"133,Georgia Institute of Real Estate,gire.proexams.com,https://133.yssecure.com/"
"134,Dr Takagi,Takagi.proexams.com,https://134.yssecure.com/"
"135,Complico,responderexams.complico-us.com;bridge.proexams.com,https://135.yssecure.com/"
"136,Real Property Technologies,realproptech.proexams.com,https://136.yssecure.com/"
"137,Edulinx Exam Site,edulinx.proexams.com,https://137.yssecure.com/"
"138,MindPro Evaluation Center,www.mindprotesting.com;sixsigma.proexams.com,https://138.yssecure.com/"
"139,Calgary Real Estate Board,creb.proexams.com,https://139.yssecure.com/"
"140,Red Deer & District REB,RedDeerREB.proexams.com,https://140.yssecure.com/"
"141,Medtext.net,medtextsdfsdafasdf.protraining.com,https://141.yssecure.com/"
"142,Cashew Club Training Center,www.cashewclub.com,https://142.yssecure.com/"
"143,Chef Exams Training Center,chefexams.protraining.com,https://143.yssecure.com/"
"144,MYM University,www.mym-u.com,https://144.yssecure.com/"
"145,Kellen Company,kellen.proexams.com,https://145.yssecure.com/"
"146,Sheri's Exams,sherisexams.proexams.com,https://146.yssecure.com/"
"147,AHCA Practice Exams!,ahca.proexams.com,https://147.yssecure.com/"
"148,NAFA Testing Center,burgerkingsdf.proexams.com,https://148.yssecure.com/"
"149,#137 SWS - Examination Center,sws.proexams.com,https://149.yssecure.com/"
"150,WSI Exams.com,wsi.proexams.com,https://150.yssecure.com/"
"151,CTHRC Testing Center,cthrc.proexams.com,https://151.yssecure.com/"
"152,GoldCoastExams.com,www.goldcoastexams.com,https://152.yssecure.com/"
"153,Tim Horton's,TimHortons.ProExams.com,https://153.yssecure.com/"
"154,Earl's,Earls.ProExams.com,https://154.yssecure.com/"
"155,Cactus Club,CactusClub.ProExams.com,https://155.yssecure.com/"
"156,Joey Tomatoes,JoeyTomatoes.ProExams.com,https://156.yssecure.com/"
"157,Moxies - OLD,moxies.proexams.com,https://157.yssecure.com/"
"158,Sheraton,Sheraton.ProExams.com,https://158.yssecure.com/"
"159,Cara Foods,CaraFoods.ProExams.com,https://159.yssecure.com/"
"160,Montana's,Montanas.ProExams.com,https://160.yssecure.com/"
"161,Quizno's,Quiznos.ProExams.com,https://161.yssecure.com/"
"162,Extreme Pite,ExtremePita.ProExams.com,https://162.yssecure.com/"
"163,Booster Juice - Corporate Training Center,www.boosterjuiceu.com,https://163.yssecure.com/"
"164,Subway,Subway.ProExams.com,https://164.yssecure.com/"
"165,Super 8,Super8.ProExams.com,https://165.yssecure.com/"
"166,East Side Marios,EastSideMarios.ProExams.com,https://166.yssecure.com/"
"167,Kelsey's,Kelseys.ProExams.com,https://167.yssecure.com/"
"168,Booster Juice,BoosterJuice.ProExams.com,https://168.yssecure.com/"
"169,Best Western,BestWestern.ProExams.com,https://169.yssecure.com/"
"170,AppraisalExamCram.com,gcappraisal.protraining.com,https://170.yssecure.com/"
"171,Enterprise Consulting Testing Center,PMP.ProExams.com,https://171.yssecure.com/"
"172,Embarcadero Technologies,exams.embarcadero.com;Embarcadero.ProExams.com,https://172.yssecure.com/"
"173,NAIT Aviation,NAITAV.ProExams.com,https://173.yssecure.com/"
"174,Delta Helicopters,Delta.proexams.com,https://174.yssecure.com/"
"175,CRATEX Industries Ltd,Cratex.proexams.com,https://175.yssecure.com/"
"176,CCA Gold Seal,cca.proexams.com,https://176.yssecure.com/"
"177,""Coldwell Banker United, Realtors Online Testing Center"",coldwell.passtherealestateexam.com,https://177.yssecure.com/"
"178,Hawaii Exam Cram,www.hawaiiexamcram.com;hawaiiexamcram.proexams.com,https://178.yssecure.com/"
"179,ProExams and ProTraining Demonstration Site,demo.ProExams.com; demo.protraining.com,https://179.yssecure.com/"
"180,Wolfe Gordon Consulting,Gordon.proexams.com,https://180.yssecure.com/"
"181,Tylers Demo Exam Site,trm.proexams.com;tyler.proexams.com,https://181.yssecure.com/"
"182,BackBar.ca,backbar.proexams.com;www.backbardone.ca,https://182.yssecure.com/"
"183,ProTraining Demo Site,test.protraining.com,https://183.yssecure.com/"
"184,Westgroup Solutions,westgroup.proexams.com,https://184.yssecure.com/"
"185,Cross Country School of Real Estate,CrossCountry.proexams.com,https://185.yssecure.com/"
"186,Analog Method,analogmethod.proexams.com,https://186.yssecure.com/"
"187,Ace2,ace2.proexams.com,https://187.yssecure.com/"
"188,Sabre Certification Exams,sabre.proexams.com,https://188.yssecure.com/"
"189,AMP,www.AMPExams.com,https://189.yssecure.com/"
"190,Martini Training and Assesment,martini.proexams.com,https://190.yssecure.com/"
"191,Felice Real Estate,www.felicerealestateexams.com,https://191.yssecure.com/"
"192,Teacher Ease,TeacherEase.proexams.com;exams.teacherease.com,https://192.yssecure.com/"
"193,Drew & Associates,drew.proexams.com,https://193.yssecure.com/"
"194,Tony Roma's,tonyromas.proexams.com,https://194.yssecure.com/"
"195,NAFED - Proctored Site,NAFEDProctor.proexams.com,https://195.yssecure.com/"
"196,ABBA Training,www.abbatraining.com;abbatraining.com;,https://196.yssecure.com/"
"197,The Neverfail Group Testing Site,neverfail.proexams.com,https://197.yssecure.com/"
"198,Alberta Environment,ABEnvironment.Proexams.com,https://198.yssecure.com/"
"199,TestDrive ProExams.com,www.testdriveproexams.com,https://199.yssecure.com/"
"200,Police Test Solutions - Demo Site,DemoPolice.Proexams.com,https://200.yssecure.com/"
"201,ProExams Test Site,Test.ProExams.com,https://201.yssecure.com/"
"202,Compsmart Demo Exam Site,compsmart.proexams.com,https://202.yssecure.com/"
"203,eMathBook.com,www.emathbook.com,https://203.yssecure.com/"
"204,Menu Exams,www.menuexams.com,https://204.yssecure.com/"
"205,Project:Elite,www.projectelite.proexams.com,https://205.yssecure.com/"
"206,SIOR Testing Center,SIOR.proexams.com,https://206.yssecure.com/"
"207,Exams For Dummies,wileys.proexams.com,https://207.yssecure.com/"
"208,MindPro Evaluation Center,mpe.proexams.com,https://208.yssecure.com/"
"209,Arjent Limited,Arjent.ProExams.com,https://209.yssecure.com/"
"210,Learn First Aid,www.learnfirstaid.com,https://210.yssecure.com/"
"211,NAMB (National Assoc Medical Billers),proexams.com,https://211.yssecure.com/"
"212,CliffsExams,www.cliffsexams.com,https://212.yssecure.com/"
"213,GoldCoast ConstructionCE.com,www.constructionce.com,https://213.yssecure.com/"
"214,AGA Institute Online Exam Center,gastro.proexams.com,https://214.yssecure.com/"
"215,AGA - American Gastrointestinal Association,aga.proexams.com,https://215.yssecure.com/"
"216,DriverExams.com,de.proexams.com,https://216.yssecure.com/"
"217,Ponte Vedra Athletic Association Coach Certification Center,www.pvaacoachtraining.com,https://217.yssecure.com/"
"218,Test ERAC Site,ERACtest.Proexams.com,https://218.yssecure.com/"
"219,ABGraphic Demo Site,ABG.Proexams.com,https://219.yssecure.com/"
"220,ProRealEstate Demo Site,Pro.Proexams.com,https://220.yssecure.com/"
"221,SurfControl,SurfControl.ProExams.com,https://221.yssecure.com/"
"222,Greg's Pad,greg.proexams.com,https://222.yssecure.com/"
"223,""PPI2Pass - Professional Publications, Inc"",PPI2Pass.ProExams.com,https://223.yssecure.com/"
"224,Pearl Training,pearl.proexams.com;www.pearltraining.com,https://224.yssecure.com/"
"225,Paramagnus,Paramagnus.proexams.com,https://225.yssecure.com/"
"226,RealtyU,RealtyU.ProExams.com,https://226.yssecure.com/"
"227,Cognos TM1 Certification Center,applix.proexams.com,https://227.yssecure.com/"
"228,Pulte Employee Testing Center,pulte.proexams.com,https://228.yssecure.com/"
"229,University of Maryland,umd.proexams.com,https://229.yssecure.com/"
"230,University of Maryland - Testing Demo,umd.proexams.com,https://230.yssecure.com/"
"231,Key Realty School Testing Center,krs.proexams.com,https://231.yssecure.com/"
"232,AREA Demo Site,AREAdemo.Proexams.com,https://232.yssecure.com/"
"233,FCAT Booster,FCATBooster.ProExams.com,https://233.yssecure.com/"
"234,Edmonton Airports (v2),avop.protraining.com,https://234.yssecure.com/"
"235,PE Sample Site,Sample.Proexams.com,https://235.yssecure.com/"
"236,MasterFit University,masterfit.proexams.com,https://236.yssecure.com/"
"237,Pencom International,Pencom.Proexams.com,https://237.yssecure.com/"
"238,The Exam Review Center,RETC.ProExams.com,https://238.yssecure.com/"
"239,OHIO Homeland Security,OHS.ProExams.com,https://239.yssecure.com/"
"240,NCSL National Conference on Student Leadership,NCSL.Proexams.com,https://240.yssecure.com/"
"241,Lexington Interactive,lex.proexams.com,https://241.yssecure.com/"
"242,Drew & Associates - do not use,Drew.proexams.com,https://242.yssecure.com/"
"243,Alberta Weekly Newspapers Association,AWNA.proexams.com;courses.awna.com;learn.awna.com;training.awna.com,https://243.yssecure.com/"
"244,Derrick Concrete Cutting & Construction,payplease.protraining.com,https://244.yssecure.com/"
"245,Wickstrom Insurance And Risk Training Center,www.wirtctraining.com;Wickstrom.ProExams.com,https://245.yssecure.com/"
"246,Chef Exams,www.chefexams.com;www.cashewsote.com;www.backbar.ca,https://246.yssecure.com/"
"247,Sayler's Employment & Consulting Ltd.,Saylers.Proexams.com,https://247.yssecure.com/"
"248,Keir Educational Resources,Keir.ProExams.com,https://248.yssecure.com/"
"249,IFPUG,IFPUG.ProExams.com,https://249.yssecure.com/"
"250,Methodex Demo Site,methodex.proexams.com,https://250.yssecure.com/"
"251,Edmonton Airports,YEG.ProExams.com,https://251.yssecure.com/"
"252,IFREC Online Exam Prep,www.ifrecexams.com; ifrec.proexams.com,https://252.yssecure.com/"
"253,AgentsExams Demo Site,barry.proexams.com,https://253.yssecure.com/"
"254,Moen MCSP Training Center,turnedoff.protraining.com,https://254.yssecure.com/"
"255,Great-West Healthcare Sales Training Assessment Center,www.gwhcsalestraining.com;gwl.proexams.com;www.myexams.gwh.com,https://255.yssecure.com/"
"256,Roadranger Academy Exam Center,Eaton321321.proexams.com,https://256.yssecure.com/"
"257,LLMSI,LLMSI.proexams.com,https://257.yssecure.com/"
"258,American Society of Neuroimaging,asn.proexams.com,https://258.yssecure.com/"
"259,National Society of Administrative Professionals,nsap.proexams.com,https://259.yssecure.com/"
"260,NAFED - Public Site,nafed.proexams.com,https://260.yssecure.com/"
"261,Chalk and Talk Demo Site,chalkandtalk.protraining.com,https://261.yssecure.com/"
"262,Safety Advantage Learning,safety.proexams.com,https://262.yssecure.com/"
"263,TDGWHMIS.com,tdgwhmis.com;tdg.protraining.com,https://263.yssecure.com/"
"264,EPM,epm.proexams.com,https://264.yssecure.com/"
"265,ERAC 58,erac5809898.proexams.com,https://265.yssecure.com/"
"266,Tracey's Demo Site,tracey.proexams.com,https://266.yssecure.com/"
"267,Vivitar Online Training,vivitar.protraining.com,https://267.yssecure.com/"
"268,Prime Restaurants,prime.protraining.com,https://268.yssecure.com/"
"269,CRDHA (Pharmacy),CRDHA.proexams.com,https://269.yssecure.com/"
"270,Mortgage & Real Estate Training Center,www.mortgageandrealestatecenter.com;mortrain.protraining.com,https://270.yssecure.com/"
"271,USEMS,USEMS.protraining.com,https://271.yssecure.com/"
"272,Finning,finning.protraining.com,https://272.yssecure.com/"
"273,Wyoming Nurses Association,wyomingnurses.proexams.com;wyomingnurses.protraining.com,https://273.yssecure.com/"
"274,The GRC Group,www.grc.proexams.com;www.sox.proexams.com,https://274.yssecure.com/"
"275,Cortiva Demonstration Site,cortiva.proexams.com,https://275.yssecure.com/"
"276,Valley Zoo,valleyzoo.protraining.com,https://276.yssecure.com/"
"277,American Society of Neuroimaging,asn.proexams.com,https://277.yssecure.com/"
"278,Staff Learning Center - Demonstration Site,www.stafflearningcenter.com; www.stafflearningcentre.com; safety.protraining.com,https://278.yssecure.com/"
"279,Le Prestamos Online Training Center,training.leprestamos.com;prest.protraining.com,https://279.yssecure.com/"
"280,donstest.protraining.com test sites,donstest.protraining.com,https://280.yssecure.com/"
"281,Furniture U Online Training,furnitureu.proexams.com,https://281.yssecure.com/"
"282,Advanced Safety Management ,ASM.protraining.com,https://282.yssecure.com/"
"283,API Testing Site,APITesting.ProTraining.com,https://283.yssecure.com/"
"284,Surf Control,surf.proexams.com,https://284.yssecure.com/"
"285,PoliceTestSolutions.com,www.policetestsolutions.com;www.jobs4policeonline.com,https://285.yssecure.com/"
"286,Chubb,chubb.protraining.com,https://286.yssecure.com/"
"287,FCC Online Testing Centre,fcc.fac.proexams.com,https://287.yssecure.com/"
"288,Vertical Broker Training Demo Site,vertical.protraining.com,https://288.yssecure.com/"
"289,ERAC - NRC,289erac-nrc.proexams.com,https://289.yssecure.com/"
"290,Your Association Training,www.yourassociationtraining.com; YAT.protraining.com,https://290.yssecure.com/"
"291,Canadian Food Safety,cfs.proexams.com,https://291.yssecure.com/"
"292,Colorado Real Estate School,creschool.com;www.homerealestateacademy.com;hrea.proexams.com,https://292.yssecure.com/"
"293,PrimeTime Learning NOT IN USE,PrimeTiime Learning,https://293.yssecure.com/"
"294,Rij's Exam Centre,rij.proexams.com,https://294.yssecure.com/"
"295,PrimeTime Learning,www.primetimelearning.ca,https://295.yssecure.com/"
"296,Ace Your Trade Exam,tradeexam.protraining.com,https://296.yssecure.com/"
"297,Ace Your Postal Exam,www.aceyourpostalexam.com,https://297.yssecure.com/"
"298,CRDHA (Jurisprudence),CRDHA-JP.protraining.com,https://298.yssecure.com/"
"299,BC Forest Safety Council Training Centre,bcforest.protraining.com,https://299.yssecure.com/"
"300,EMS Cram.com,www.emscram.com,https://300.yssecure.com/"
"301,AdvancedMD Testing Center,advancedmd.proexams.com,https://301.yssecure.com/"
"302,ERAC - PA Training Center,pap241.proexams.com,https://302.yssecure.com/"
"303,Ontario Association of Veterinary Technicians,ONVetTechs.proexams.com,https://303.yssecure.com/"
"304,Hines Exam Center,www.hinesexams.com;hines.proexams.com,https://304.yssecure.com/"
"305,Yardstick University,yardsticku.com;yardsticku.ca;ysuniversity.protraining.com,https://305.yssecure.com/"
"306,Appraisal Study Exams,appraisal.proexams.com,https://306.yssecure.com/"
"307,Prime - Builder,tutors.protraining.com,https://307.yssecure.com/"
"308,SafetyExams.ca,www.safetyexams.ca;safetyexams.protraining.com;www.crspexams.com,https://308.yssecure.com/"
"309,""Interim Health Care, Inc."",interim.proexams.com,https://309.yssecure.com/"
"310,CFR Training Center,exams.cfrtraining.com;ttc.proexams.com,https://310.yssecure.com/"
"311,Ableton Training Center,test.protraining.com,https://311.yssecure.com/"
"312,Global Citizenship Exams,frsskl123lnmss.proexams.com,https://312.yssecure.com/"
"313,ATAC Pilot Training Center,atac.proexams.com;training.atac.ca,https://313.yssecure.com/"
"314,CSDA Online Video Training Center,www.csdatraining.com,https://314.yssecure.com/"
"315,Edwin's Demo Site ,edwin.proexams.com,https://315.yssecure.com/"
"316,DataComm,datacomm.proexams.com,https://316.yssecure.com/"
"317,Brian's Demo Site,brian.protraining.com,https://317.yssecure.com/"
"318,CCS Income Trust,ccs.protraining.com,https://318.yssecure.com/"
"319,Association of Conservation and Hunter Education Instructors,aheia.com;aheia.proexams.com,https://319.yssecure.com/"
"320,June Warren Publishing - Oilpatch 101 Demo Site,jwp.protraining.com,https://320.yssecure.com/"
"321,Easyford Meats,www.easyford.com;www.easyfordmeats.com;www.easyfordcattle.com;easyford.protraining.com,https://321.yssecure.com/"
"322,United Real Estate Media,www.unitedrealestatemedia.com;united.protraining.com,https://322.yssecure.com/"
"323,Wright Stuff Media,www.locatortraining.com,https://323.yssecure.com/"
"324,LocatorTraining.com,www.locatortraining.com,https://324.yssecure.com/"
"325,Dan's Test Site,Dan.ProTraining.com,https://325.yssecure.com/"
"326,Interim HealthCare Testing Center,interim.protraining.com;testing.interimhealthcare.com,https://326.yssecure.com/"
"327,Safety Advantage,safetyadvantage.protraining.com,https://327.yssecure.com/"
"328,The RIM Software Engineering Training Center,rimsixsigma.protraining.com,https://328.yssecure.com/"
"329,ProExchange Demo Site,content.protraining.com,https://329.yssecure.com/"
"330,Weatherford,weatherford.protraining.com,https://330.yssecure.com/"
"331,Cargo and James Online Training,cargoandjames.protraining.com,https://331.yssecure.com/"
"332,Franchise Architects,franchise.protraining.com,https://332.yssecure.com/"
"333,ACP Home Study,acp.proexams.com,https://333.yssecure.com/"
"334,Kimberly's Demo Site,kimberly.protraining.com,https://334.yssecure.com/"
"335,Silliker Online Testing Center,silliker.proexams.com,https://335.yssecure.com/"
"336,ERAC 50 Testing Center,erac50.proexams.com,https://336.yssecure.com/"
"337,Snap-on Testing Center,closedsnapon1234.protraining.com,https://337.yssecure.com/"
"338,Alberta College of Pharmacists,oldacp.proexams.com,https://338.yssecure.com/"
"339,Moving Solutions E-Learning Center,moving.protraining.com,https://339.yssecure.com/"
"340,RGO Training Center,rgoinactive.protraining.com,https://340.yssecure.com/"
"341,Golf Doctor Secure Payment Center,golfdoctorspaymentcenter.proexams.com,https://341.yssecure.com/"
"342,ERAC - Virginia,eracva.proexams.com,https://342.yssecure.com/"
"343,Snap-On Training Solutions,snapon23e.proexams.com,https://343.yssecure.com/"
"344,TK Simplex Training Center,tksimplex.protraining.com,https://344.yssecure.com/"
"345,Radio Loans,radioloans.protraining.com,https://345.yssecure.com/"
"346,Online Total Act Training,totalact.protraining.com,https://346.yssecure.com/"
"347,International Truck Training Center,international.protraining.com,https://347.yssecure.com/"
"348,ACTFL Training Center,actfl.protraining.com,https://348.yssecure.com/"
"349,BCYCNA NewspaperTraining.ca,bc.protraining.com;training.bccommunitynews.com;www.newspapertraining.ca;,https://349.yssecure.com/"
"350,CARS Council Demonstration Site,cars.protraining.com,https://350.yssecure.com/"
"351,Pearson TOP - ProExams Demo Site,top.proexams.com,https://351.yssecure.com/"
"352,US Real Estate Exams,www.usrealestateexams.com,https://352.yssecure.com/"
"353,New Mexico Department of Health Testing Center,nmtestingcenter7002.proexams.com,https://353.yssecure.com/"
"354,Armbrust Training Center,armbrust.protraining.com,https://354.yssecure.com/"
"355,WEF Training,wef.protraining.com,https://355.yssecure.com/"
"356,Penhall Training Center,penhall.protraining.com,https://356.yssecure.com/"
"357,Angeline’s Training and Testing Emporium,angeline.protraining.com,https://357.yssecure.com/"
"358,UL Exams,ul.proexams.com,https://358.yssecure.com/"
"359,Prodevia Online Training Center,prodevia.proexams.com,https://359.yssecure.com/"
"360,SSMI LMS Demo Site,ssmi.protraining.com,https://360.yssecure.com/"
"361,Simpson Group,SimpsonGroup.protraining.com,https://361.yssecure.com/"
"362,Real Estate Exam USA,www.realestateexamusa.com;realestateexamusa.protraining.com,https://362.yssecure.com/"
"363,Solutions by Design,solutions.proexams.com,https://363.yssecure.com/"
"364,MySafeFloridaHome Online Contractor Training,msfh.protraining.com,https://364.yssecure.com/"
"365,Happy Joe's,joes.protraining.com;ipaths.happyjoes.net,https://365.yssecure.com/"
"366,MySafeFloridaHome.com,msfh.protraining.com,https://366.yssecure.com/"
"367,DATA Solutions by Design,training.cmkg.org;data.protraining.com,https://367.yssecure.com/"
"368,TrainTrust,www.traintrust.com;mcinnis.protraining.com,https://368.yssecure.com/"
"369,GoldCoast Demo Site,goldcoastdemo.protraining.com,https://369.yssecure.com/"
"370,Michigan Press Association,mpa.protraining.com,https://370.yssecure.com/"
"371,Access Safety,access-safety.net;access.protraining.com,https://371.yssecure.com/"
"372,eSMMART,null,null"
"373,SREC,srec.proexams.com;asr.proexams.com,https://373.yssecure.com/"
"374,Sam's Demo Site,sam.protraining.com,https://374.yssecure.com/"
"375,MPP Company Inc.,vtu.protraining.com,https://375.yssecure.com/"
"376,Prism Business Training Corp,prismdeactivated.proexams.com,https://376.yssecure.com/"
"377,AREA - Online Learning and Licensing Center,Area.ProTraining.com,https://377.yssecure.com/"
"378,ARIDO,arido.protraining.com,https://378.yssecure.com/"
"379,ARIDO,arido.protraining.-.com,https://379.yssecure.com/"
"380,DATA Solutions - Red Bull,prism.cmkg.org;redbull.protraining.com,https://380.yssecure.com/"
"381,NACG,NACG.protraining.com,https://381.yssecure.com/"
"382,Heritage Funds Training Center,heritagefunds.protraining.com,https://382.yssecure.com/"
"383,LEDCOR Online Training Center,ledcor.protraining.com,https://383.yssecure.com/"
"384,Medical Student Exams,www.medicalstudentexams.com;medicalstudentexams.com;med.proexams.com,https://384.yssecure.com/"
"385,Knowledge Construction ,www.knowledgeconstruction.com;kc.protraining.com,https://385.yssecure.com/"
"386,Wickstrom - Society Insurance,society.wirtctraining.com;si.protraining.com,https://386.yssecure.com/"
"387,American Pharmaceutical Sales Association,www.apsaonline.com;apsa.protraining.com;training.apsaonline.com,https://387.yssecure.com/"
"388,eduGuard,training.eduguard.com;eduguard.protraining.com,https://388.yssecure.com/"
"389,ERAC - Group 7799 - Corporate,remarkasdfetinsdafdfg.protraining.com,https://389.yssecure.com/"
"390,Albian Village - Demo Site,albian.protraining.com,https://390.yssecure.com/"
"391,Ontario Community Newspapers Association,ocna.protraining.com,https://391.yssecure.com/"
"392,Kiva.org,kiva.protraining.com,https://392.yssecure.com/"
"393,Manitoba Community Newspapers Association,mcna.protraining.com,https://393.yssecure.com/"
"394,Golf Course Superintendents Association of America,gcsaa.protraining.com;igcema.protraining.com,https://394.yssecure.com/"
"395,Stang Decision Systems (PetroSelect),disabledpetroselect.protraining.com,https://395.yssecure.com/"
"396,Real Estate Institute of Canada,reic.protraining.com,https://396.yssecure.com/"
"397,Calgary Airport Authority,yyc.protraining.com,https://397.yssecure.com/"
"398,Tumi,www.tumitraining.com,https://398.yssecure.com/"
"399,Content Test,content.proexams.com,https://399.yssecure.com/"
"400,Silver Lining Ltd,silverlining.protraining.com,https://400.yssecure.com/"
"401,Heritage Funds,heritagefunds.protraining.com,https://401.yssecure.com/"
"402,Conceivable Solutions,conceivable.protraining.com,https://402.yssecure.com/"
"403,CEDA Reactor Ltd,www.disabledcedatraining.com;inactiveceda.protraining.com,https://403.yssecure.com/"
"404,Reseller - Vital Safety Training Ltd.,vital.protraining.com,https://404.yssecure.com/"
"405,Family Medicine Exams,www.familymedicineexams.com;familymed.proexams.com,https://405.yssecure.com/"
"406,LMCC Exams,www.lmccexams.com,https://406.yssecure.com/"
"408,AMC Exams,www.amcprep.com;mbbs.proexams.com,https://408.yssecure.com/"
"409,MRCP Exams,www.mrcpexams.com;mrcp.proexams.com,https://409.yssecure.com/"
"410,Principles of Surgery,www.principlesofsurgery.com;surgery.proexams.com,https://410.yssecure.com/"
"411,Residency Exams,www.residencyexams.com;residency.proexams.com,https://411.yssecure.com/"
"412,USMLE Practice Exams,www.usmlepracticeexams.com;usmle.proexams.com,https://412.yssecure.com/"
"413,Victoria Airport Authority Training Center,vaa.protraining.com,https://413.yssecure.com/"
"414,DNL Farms Video Training,www.dnlfarmstraining.com;dnl.protraining.com,https://414.yssecure.com/"
"415,ERP,erp.protraining.com,https://415.yssecure.com/"
"416,COPA Demo,copa.protraining.com,https://416.yssecure.com/"
"417,Autodata Training Centre,www.autodatau.com;autodata.protraining.com,https://417.yssecure.com/"
"418,EEA Online Training Center,www.eeatraining.com,https://418.yssecure.com/"
"419,ERAC - Group 7747 - Corporate,erac7747.protraining.com,https://419.yssecure.com/"
"420,ABBA Training - Demo,abbademo.proexams.com,https://420.yssecure.com/"
"421,Site 421,site421.proexams.com,https://421.yssecure.com/"
"423,ESTS NETA Responsive Site Build,estsneta.protraining.com,https://423.yssecure.com/"
"424,Christi.com,Christi.protraining.com,https://424.yssecure.com/"
"425,Prism Demo French Site,dprism.protraining.com,https://425.yssecure.com/"
"426,Chalk n Talk,www.chalkntalkonline.co.uk;cnt.protraining.com,https://426.yssecure.com/"
"427,ASR Demo Site,asrdemo.proexams.com,https://427.yssecure.com/"
"428,Stang Decisions (BP Skillbuilder),www.disabledbpskillbuilder.com;disabledbp.protraining.com,https://428.yssecure.com/"
"429,Code Consulting Inc - DEMO SITE,code.protraining.com,https://429.yssecure.com/"
"430,Code Consulting Inc,codedemo20102010.protraining.com,https://430.yssecure.com/"
"431,Latitude Test Prep,prep.protraining.com,https://431.yssecure.com/"
"432,ISEE Online Training Center,isee.protraining.com,https://432.yssecure.com/"
"433,Top Producer Certification Center,www.topproducercertification.com;topproducer.protraining.com;,https://433.yssecure.com/"
"434,Chris's Demo,cd.protraining.com,https://434.yssecure.com/"
"435,Management Miracles,www.managementmiracles.ca;nait.protraining.com,https://435.yssecure.com/"
"436,Nait Entreprenuer Project Site,nait.protraining.com,https://436.yssecure.com/"
"437,ConstructionCE,www.constructionce.com,https://437.yssecure.com/"
"438,SNS Training Center,SNS.ProTraining.com,https://438.yssecure.com/"
"439,ASR Demo Site,asrdemo.proexams.com,https://439.yssecure.com/"
"440,ACNA Professional Sales Training Center,www.acnatraining.com;acna.protraining.com,https://440.yssecure.com/"
"441,Wayne Fire Online Training,www.disabledwafs4you.com;waynefiredisabled.protraining.com,https://441.yssecure.com/"
"442,Ohio Concrete Training Center,www.ohioconcretesafety.com;ohio.protraining.com,https://442.yssecure.com/"
"443,Gold Coast Schools Online Learning Center,online.goldcoastschools.com;gc.protraining.com,https://443.yssecure.com/"
"444,AMBA Online Testing Centre,amba.proexams.com,https://444.yssecure.com/"
"445,YourSite.com,YourSite.ProTraining.com,https://445.yssecure.com/"
"446,AMS Testing Center,amstesting.protraining.com;www.knowproduct.com,https://446.yssecure.com/"
"447,CSMLS Testing Center,csmls.protraining.com,https://447.yssecure.com/"
"448,EMSPrep.com,www.emsprep.com,https://448.yssecure.com/"
"449,TrailerSafety.com,www.trailersafety.com;http://trailersafety.com,https://449.yssecure.com/"
"450,floridarealestatecourse.com,GCFLcourse.protraining.com,https://450.yssecure.com/"
"451,Custom - Baker Hughes,www.bhcctraining.com;www.petrolitetraining.com;petrolite.protraining.com,https://451.yssecure.com/"
"452,EIA Training Centre,eia.protraining.com,https://452.yssecure.com/"
"453,TotalSafety.ca,www.totalsafety.ca,https://453.yssecure.com/"
"454,CRDHA Test Site,crdhatest.proexams.com,https://454.yssecure.com/"
"455,Creative Door Training Centre,88djdf.protraining.com,https://455.yssecure.com/"
"456,SoCafe Testing Center,socafe.protraining.com,https://456.yssecure.com/"
"457,eCompliance,ecompliance.protraining.com,https://457.yssecure.com/"
"458,AMBA Online Training,training.ambaeducation.ca;amba.protraining.com,https://458.yssecure.com/"
"459,Postal Exam 2,post.protraining.com,https://459.yssecure.com/"
"460,MCCQE2prep,www.mccqe2prep.com;mccqe2.protraining.com,https://460.yssecure.com/"
"461,OSCEprep,www.osceprep.com;osceprep.protraining.com,https://461.yssecure.com/"
"462,WAA Training Centre,waa.protraining.com,https://462.yssecure.com/"
"463,Champion Solutions Group,csg.protraining.com,https://463.yssecure.com/"
"464,The Great Discovery Evaluation Center,www.thegreatdiscoverytesting.com;great.protraining.com,https://464.yssecure.com/"
"465,USMLEcsPrep.com,www.usmlecsprep.com;usmlecsprep.protraining.com,https://465.yssecure.com/"
"466,Owen's Website,owen.protraining.com,https://466.yssecure.com/"
"467,bens test site,ben.protraining.com,https://467.yssecure.com/"
"468,ben2,ben2.protraining.com,https://468.yssecure.com/"
"469,Royal Host Exam Center,royalhost.protraining.com,https://469.yssecure.com/"
"470,IDA Training Center,sd.com,https://470.yssecure.com/"
"471,Heritage Funds,heritage.protraining.com,https://471.yssecure.com/"
"472,Vancouver Aquarium,van.protraining.com,https://472.yssecure.com/"
"473,Ontario Federation of Anglers and Hunters,ofah.protraining.com,https://473.yssecure.com/"
"474,Reseller - Morris Interactive (DO NOT USE),donotusemorris.protraining.com,https://474.yssecure.com/"
"475,MedExams Question Editors,medquestions.proexams.com,https://475.yssecure.com/"
"476,DATA Solutions - Kimberly Clark,kimberlyclark.protraining.com;kc.cmkg.org,https://476.yssecure.com/"
"477,FITT Online Examination Centre,fitt.proexams.com,https://477.yssecure.com/"
"478,Premier Corporate Security,cancelled.premiercorporatesecurity.com;cancelled.protraining.com,https://478.yssecure.com/"
"479,AdGooroo Exam Center,adgooroo.protraining.com,https://479.yssecure.com/"
"480,Hudsons Canadian Tap House Training Centre,www.hudsonsu.ca;gateway.protraining.com,https://480.yssecure.com/"
"481,Tuition Real Estate,www.deactivatedtuitionrealestate.com;deactivatedtuition.protraining.com,https://481.yssecure.com/"
"482,Parker Publishing,parker.protraining.com,https://482.yssecure.com/"
"483,ACP Jurisprudence Exam Center,acpexams.proexams.com,https://483.yssecure.com/"
"484,Learning Technologies,www.learningtechnologies.ca;cls.protraining.com,https://484.yssecure.com/"
"485,Allie's Training Center,allie.protraining.com,https://485.yssecure.com/"
"486,Allie's Website,allie.protraining.com,https://486.yssecure.com/"
"487,pauls site,paulcoyle.proexams.com,https://487.yssecure.com/"
"488,Trailer Safetyq,trailersafety.protraining.com,https://488.yssecure.com/"
"489,A&W Online Training Center,aw.protraining.com,https://489.yssecure.com/"
"490,Nolan's Testing Site,nolan.protraining.com,https://490.yssecure.com/"
"491,Danatec Training Center,DT.protraining.com,https://491.yssecure.com/"
"492,Amy's Testing Site,amy.protraining.com,https://492.yssecure.com/"
"493,Winroc-SPI Online University,www.winrocu.com;cpdonlineu.com;www.winrocspiu.com,https://493.yssecure.com/"
"494,IDA Testing Center,idaexam.proexams.com,https://494.yssecure.com/"
"495,H2STraining.com,h2straining.com,https://495.yssecure.com/"
"496,Custom Learning Solutions (Demo),customlearning.protraining.com,https://496.yssecure.com/"
"497,Solstice Marketing Concepts,solinactive.protraining.com,https://497.yssecure.com/"
"498,Lenel Systems International,lenel.proexams.com,https://498.yssecure.com/"
"499,SocialMediaTraining.biz,www.socialmediatraining.biz;social.protraining.com,https://499.yssecure.com/"
"500,Electrical Contractors Association of Alberta,www.ecaatraining.com,https://500.yssecure.com/"
"501,Dev Test Exam Site,devexams.proexams.com,https://501.yssecure.com/"
"502,Boat Exams - Inactive,boatexams12345.protraining.com,https://502.yssecure.com/"
"503,Home Innovation Research Labs,verifiertraining.homeinnovation.com;www.verifiertraining.net,https://503.yssecure.com/"
"504,esmtest,esmtest.protraining.com,https://504.yssecure.com/"
"505,Greg's Testing Demo,gs.proexams.com,https://505.yssecure.com/"
"506,WHMISTraining.ca,whmistraining.ca,https://506.yssecure.com/"
"507,ACP Tutorial Site,acpdemo.proexams.com,https://507.yssecure.com/"
"508,Colorado Real Estate School (Demo),cres.protraining.com,https://508.yssecure.com/"
"509,BCWHMISTraining.com,www.bcwhmistraining.com,https://509.yssecure.com/"
"510,AlbertaWHMISTraining.com,albertawhmistraining.com,https://510.yssecure.com/"
"511,SaskatchewanWHMISTraining.com,www.SaskatchewanWHMISTraining.com,https://511.yssecure.com/"
"512,ManitobaWHMISTraining.com,www.ManitobaWHMISTraining.com,https://512.yssecure.com/"
"513,OntarioWHMISTraining.com,www.OntarioWHMISTraining.com,https://513.yssecure.com/"
"514,Global Association of Risk Professionals,elearning.garp.com;garp.protraining.com;elearning.garp.org,https://514.yssecure.com/"
"515,BCTDGTraining.com,www.bctdgtraining.com,https://515.yssecure.com/"
"516,AlbertaTDGTraining.com,www.albertatdgtraining.com,https://516.yssecure.com/"
"517,SaskatchewanTDGTraining.com,www.SaskatchewanTDGTraining.com,https://517.yssecure.com/"
"518,ManitobaTDGTraining.com,www.ManitobaTDGTraining.com,https://518.yssecure.com/"
"519,OntarioTDGTraining.com,ontariotdgtraining.com,https://519.yssecure.com/"
"520,TDGTraining.net,tdgtraining.net,https://520.yssecure.com/"
"521,The Great Discovery,greatdiscovery.protraining.com,https://521.yssecure.com/"
"522,First Aid Online,www.firstaidonline.ca,https://522.yssecure.com/"
"523,Resources,resources.protraining.com,https://523.yssecure.com/"
"524,Gailforce HR Online Training,training.gailforceresources.com;gailforce.protraining.com,https://524.yssecure.com/"
"525,We Train Professionals,www.wetrainprofessionals.com;wtp.protraining.com;www.millenniumschoolofrealestate.com;www.extremeagenttraining.com,https://525.yssecure.com/"
"526,DATA Solutions - Energizer Training Center,energizer.cmkg.org;energizer.protraining.com,https://526.yssecure.com/"
"527,Corning,corning.protraining.com,https://527.yssecure.com/"
"528,DATA Solutions - Energizer Training Center,energizer.protraining.com,https://528.yssecure.com/"
"529,DEMOWe Train Professionals,wetrainprofessionals.protraining.com,https://529.yssecure.com/"
"530,ISHM - Institute for Safety and Health Management,ishm.proexams.com,https://530.yssecure.com/"
"531,Generic Demo Site,christien.protraining.com,https://531.yssecure.com/"
"532,Harper Learning Online Training,www.harperelearning.com;www.iatsi.ca;www.smstraining.com;iatsi.ca,https://532.yssecure.com/"
"533,CSTS,CSTS.protraining.com,https://533.yssecure.com/"
"534,NEC Training Center,nec.protraining.com,https://534.yssecure.com/"
"535,OCP not in use,ocp.protraining.com,https://535.yssecure.com/"
"536,QAD,getcertified.qad.com;qad.protraining.com,https://536.yssecure.com/"
"537,Reseller - Safety First Training,www.safetyfirsttrainingontario.ca;safetyfirst.protraining.com,https://537.yssecure.com/"
"538,IATSI Under Construction,iatsiwip.protraining.com;jason.protraining.com,https://538.yssecure.com/"
"539,Custom - Carrier Centers,www.carriertraining.com,https://539.yssecure.com/"
"540,CAMRT,disabled.protraining.com,https://540.yssecure.com/"
"541,NeoExams,www.neoexams.com,https://541.yssecure.com/"
"542,Global Hazmat,globalhazmat.-protraining.com;training.-globalhazmat.com,https://542.yssecure.com/"
"543,ACP OA-SYS,acpassessment.proexams.com,https://543.yssecure.com/"
"544,Reseller - TDG GHS (DO NOT USE),www.tdgghs.com,https://544.yssecure.com/"
"545,ACP Practice Site,acppractice.proexams.com,https://545.yssecure.com/"
"546,ASET,aset.protraining.com,https://546.yssecure.com/"
"547,CLAC Online Training,disabledonlinelearning.clac.ca;www.disabledonlinelearning.clac.ca;disabledclac.protraining.com,https://547.yssecure.com/"
"548,ACP Knowledge Assessment,acpka.proexams.com,https://548.yssecure.com/"
"549,IMAP Demo Site,IMAP.protraining.com,https://549.yssecure.com/"
"550,Blue Heron,heron.protraining.com,https://550.yssecure.com/"
"551,Insight Safety,insight.protraining.com,https://551.yssecure.com/"
"552,Spectrum Safety,training.spectrumsafety.ca,https://552.yssecure.com/"
"553,Building Professionals Online Testing,buildingpros.proexams.com,https://553.yssecure.com/"
"554,Medical Exams,medicalexams.com;www.medicalexams.com,https://554.yssecure.com/"
"555,CARDUP,cardup.proexams.com,https://555.yssecure.com/"
"556,Gregs Super Testing Site,gregs.proexams.com,https://556.yssecure.com/"
"557,Danatec Content Site,danateccontent.proexams.com,https://557.yssecure.com/"
"558,Custom - Three Star Trucking - Online Training,www.threestartraining.com;3star.protraining.com,https://558.yssecure.com/"
"559,IATA eLearning Centre,elearning.iata.org;iata.proexams.com,https://559.yssecure.com/"
"560,Edge Media Demo Site,edge.protraining.com,https://560.yssecure.com/"
"561,DATA Solutions - L'Oreal,loreal.cmkg.org;loreal.protraining.com,https://561.yssecure.com/"
"562,American Institute of Floral Designers,aifd.proexams.com,https://562.yssecure.com/"
"563,Petro Classroom,training.petroclassroom.com;williamscompany.protraining.com;,https://563.yssecure.com/"
"564,Brooks Site,http://brooks.protraining.com,https://564.yssecure.com/"
"565,Trinidad Drilling,trinidad.protraining.com;trinidadtraining.com,https://565.yssecure.com/"
"566,DebtCert,www.debtcerteweweqcsd.com,https://566.yssecure.com/"
"567,Canadian Continuing Education Training Centre,www.cetraining.ca;cetraining.protraining.com,https://567.yssecure.com/"
"568,American Italian Pasta Company,aipctraining.protraining.com,https://568.yssecure.com/"
"569,ICom Demo Site,icom.protraining.com,https://569.yssecure.com/"
"570,Noble Exam Center,nobleexamcenter.noblecorp.com,https://570.yssecure.com/"
"571,Sasktel - TDG Training,sasktel.protraining.com,https://571.yssecure.com/"
"572,ACCLXT,acclxt.proexams.com,https://572.yssecure.com/"
"573,FallArrestTraining.ca,fallarresttraining.ca,https://573.yssecure.com/"
"574,Custom - Envirosystems,www.envirosystemstraining.com,https://574.yssecure.com/"
"575,MOHLTC EPCS Testing Centre,epcs.proexams.com,https://575.yssecure.com/"
"576,Microsoft Live@Edu Testing Center ,liveexamsms2012.proexams.com,https://576.yssecure.com/"
"577,OSHA.biz,removedhosteader.biz,https://577.yssecure.com/"
"578,ICC Compliance Center,compliancecenter.protraining.com,https://578.yssecure.com"
"579,DEMO,cae.protraining.com,https://579.yssecure.com/"
"580,Fleet Safety International,www.defensivedriving.ca;defensivedriving.ca;training.defensivedriving.ca,https://580.yssecure.com/"
"581,Alara Training,alaratraining.protraining.com,https://581.yssecure.com/"
"582,Reseller - T&S Compliance,www.compliancedept.com,https://582.yssecure.com/"
"583,Tony Peters,tony.protraining.com,https://583.yssecure.com/"
"584,National Association of Forensic Counselors,nafc.proexams.com,https://584.yssecure.com/"
"585,Client Services Inc.,clientservices.protraining.com,https://585.yssecure.com/"
"586,Maxim Health Services,notinuse.proexams.com,https://586.yssecure.com/"
"587,Security Advisers Exam Center,training.security-advisers.com;securityadvisers.proexams.com,https://587.yssecure.com/"
"588,DO NOT USE - California OSHA,donotusecaliforniaosha.t2platform.com,https://588.yssecure.com/"
"589,Medical Exams ABFM,abfmexams.protraining.com,https://589.yssecure.com/"
"590,Medical Exams PA,paexams.protraining.com,https://590.yssecure.com/"
"591,Christie Admin Enterprise ,cae.christie.ab.ca,https://591.yssecure.com/"
"592,Uzma's Cool Testing Site,uzma.proexams.com,https://592.yssecure.com/"
"593,Seven Cities Online Learning Resource,scolr.protraining.com,https://593.yssecure.com/"
"594,Jessica's Site DO NOT REMOVE,jessica.protraining.com,https://594.yssecure.com/"
"595,Medical Exams CCFP,ccfpexams.com;ccfp.protraining.com,https://595.yssecure.com/"
"596,WHMISCertified.ca,www.whmiscertified.ca,https://596.yssecure.com/"
"597,NovaScotiaWHMISTraining.com,novascotiawhmistraining.com,https://597.yssecure.com/"
"598,WHMIS-Online.com,www.whmis-online.com,https://598.yssecure.com/"
"599,Reseller - WSCINC (DO NOT USE),donotusewsc.protraining.com,https://599.yssecure.com/"
"600,Safety Testing,exams.totalsafety.ca,https://600.yssecure.com/"
"601,ConfinedSpace-Training.com,www.confinedspace-training.com,https://601.yssecure.com/"
"602,Custom - Nexen Training,www.longlaketraining.com;nexen.protraining.com,https://602.yssecure.com/"
"603,ITPA,www.itpatraining.com,https://603.yssecure.com/"
"604,ACP KA Items,acpitems.proexams.com,https://604.yssecure.com/"
"605,Knopman Financial,exams.knopman.com,https://605.yssecure.com/"
"606,GoldCoast NMLS National Exam Prep & Continuing Education,www.mortgagece.com,https://606.yssecure.com/"
"607,Proctor,proctor.proexams.com,https://607.yssecure.com/"
"608,California NMLS Training,www.californianmls.com,https://608.yssecure.com/"
"609,Cooperate To Win,ctw.protraining.com,https://609.yssecure.com/"
"610,CPBC,cpbc_deleted.protraining.com;bccpapps_deleted.protraining.com,https://610.yssecure.com/"
"611,0Chance2Fail - Connextions,connextionstraining.com,https://611.yssecure.com/"
"612,Jon's Site,jon.protraining.com,https://612.yssecure.com/"
"613,Reseller - Flatline Response,www.flatlineresponsetraining.com,https://613.yssecure.com/"
"614,IATA Training,www.iatatraining.ca,https://614.yssecure.com/"
"615,YLW Training ,www.ylwtraining.ca;ylwtraining.ca,https://615.yssecure.com/"
"616,Frontier Supply Training,frontier.protraining.com,https://616.yssecure.com/"
"617,Custom - Frontier Supply Training,training.frontiersupply.ca,https://617.yssecure.com/"
"618,Boat Exams,boatexams.protraining.com,https://618.yssecure.com/"
"619,PSI Online Demo Site,psi.proexams.com,https://619.yssecure.com/"
"620,YLW Training Centre Not In Use,www.ylwtraining.ca; ylw.protraining.com,https://620.yssecure.com/"
"621,OCP Clinical Knowledge Assessment,ocpcka.proexams.com,https://621.yssecure.com/"
"622,OCP Tutorial Site,ocpdemo.proexams.com,https://622.yssecure.com/"
"623,Baylor U Continuing Nursing Education Center,bayloru.protraining.com,https://623.yssecure.com/"
"624,Ladies First,vermontconsort.protraining.com,https://624.yssecure.com/"
"625,Canadian Power & Sail Squadrons,boatexams.protraining.com,https://625.yssecure.com/"
"626,AHEIA - Work in Progress,aheia.protraining.com,https://626.yssecure.com/"
"627,ASR Training Centre,asreducation.com,https://627.yssecure.com/"
"628,Pyrotek Demo Site,pyrotek.protraining.com,https://628.yssecure.com/"
"629,Custom - Cloudworks Energy Training,training.cloudworksenergy.com,https://629.yssecure.com/"
"630,Custom - Budget Rent A Car,budgettraining.ca,https://630.yssecure.com/"
"631,Custom - Advantage Learning Solutions,advantagels.protraining.com;training.advantagels.ca,https://631.yssecure.com/"
"632,Safety POS Site,safetyoffice.proexams.com,https://632.yssecure.com/"
"633,ACP JP Items,acpjpitems.proexams.com,https://633.yssecure.com/"
"634,American Lighting Association,americanlighting.proexams.com,https://634.yssecure.com/"
"635,Custom - ITB,itb.protraining.com,https://635.yssecure.com/"
"636,ALA Testing Center,americanlighting.proexams.com,https://636.yssecure.com/"
"637,Custom - Environment Canada Online Safety Training,www.ectraining.ca,https://637.yssecure.com/"
"638,SIMA Certification Center,sima.proexams.com;www.simacsp.com,https://638.yssecure.com/"
"639,CRES Redesign,cressandbox.protraining.com; cres.proexams.com,https://639.yssecure.com/"
"640,SIMA DO NOT USE,SIMA Testing Center,https://640.yssecure.com/"
"641,Custom - Tyco Integrated Security,www.tycoistraining.com;tycoistraining.com;tyco.proexams.com,https://641.yssecure.com/"
"642,Hills VNA,hillsvna.com;hillspet.protraining.com,https://642.yssecure.com/"
"643,Edentify,www.edentifytraining.com;edentify.protraining.com,https://643.yssecure.com/"
"644,ESTS,www.arcflash-training.ca;www.eststraining.com;www.csaz462training.com,https://644.yssecure.com/"
"645,Custom - United Rentals of Canada Training Centre,unitedrentals.protraining.com;www.rsc-training.com;rsc-training.com;rsc.protraining.com,https://645.yssecure.com/"
"646,Chris's site,Chris.protraining.com,https://646.yssecure.com/"
"647,chrisdemo.protraining.com,chrisdemo2.protraining.com,https://647.yssecure.com/"
"648,IATA Sandbox Site,iatasandbox.protraining.com,https://648.yssecure.com/"
"649,InfoSafe,www.infosafetraining.com,https://649.yssecure.com/"
"650,CSSS Drummond,csss.protraining.com,https://650.yssecure.com/"
"651,Custom - John Howard Society of Waterloo-Wellington - Online Safety Training,www.jhswwsafety.com,https://651.yssecure.com/"
"652,First Aid Certified,www.FirstAidCertified.com,https://652.yssecure.com/"
"653,3DI Demo,3DI.protraining.com,https://653.yssecure.com/"
"654,Tristan - Design In Progress,tristan.protraining.com,https://654.yssecure.com/"
"655,Famoso Training,famoso.protraining.com,https://655.yssecure.com/"
"656,Building Insights Training,training.buildinginsights.com,https://656.yssecure.com/"
"657,Transport Canada - Inactive,tcinactive.protraining.com,https://657.yssecure.com/"
"658,Custom - Norquest Contracting Group,www.norquestcontractingtraining.com;www.norquest.protraining.com,https://658.yssecure.com/"
"659,FirstAidCPR.ca,www.firstaidcpr.ca,https://659.yssecure.com/"
"660,Enform e.Learn,enform.protraining.com,https://660.yssecure.com/"
"661,Systems Engineering Prep,www.systemsengineeringprep.com,https://661.yssecure.com/"
"662,Alberta First Aid,albertafirstaidtraining.com,https://662.yssecure.com/"
"663,BC First Aid CPR,www.bcfirstaidcpr.com,https://663.yssecure.com/"
"664,Alberta First Aid CPR,albertafirstaidcpr.com,https://664.yssecure.com/"
"665,Ontario First Aid CPR,ontariofirstaidcpr.com,https://665.yssecure.com/"
"666,Calgary First Aid CPR,calgaryfirstaidcpr.com,https://666.yssecure.com/"
"667,Edmonton First Aid CPR,edmontonfirstaidcpr.com,https://667.yssecure.com/"
"668,Occupational First Aid,occupationalfirstaid.net,https://668.yssecure.com/"
"669,First Aid CPR Online,firstaidcpronline.ca,https://669.yssecure.com/"
"670,AMCO,training.amco.on.ca,https://670.yssecure.com/"
"671,Two Wings Inc.,Sep.programming.com;twowings.protraining.com,https://671.yssecure.com/"
"672,PEBC Exams,PEBCExams.com,https://672.yssecure.com/"
"673,Custom - Redhead Equipment Safety Training,www.redheadsafety.com,https://673.yssecure.com/"
"674,Strathcona County Emergency Services,sces.protraining.com,https://674.yssecure.com/"
"676,OnlineH2S.com,onlineH2S.com,https://676.yssecure.com/"
"677,LockoutTagoutSafety.com,lockouttagoutsafety.com,https://677.yssecure.com/"
"678,TorontoCPRTraining.ca,torontocprtraining.ca,https://678.yssecure.com/"
"679,OntarioCPR.com,ontariocpr.com,https://679.yssecure.com/"
"680,CPR-Training.ca,cpr-training.ca,https://680.yssecure.com/"
"681,MCCEE Exams,www.MCCEEExams.com;www.MCCEEExam.com,https://681.yssecure.com/"
"682,Trinidad Drilling - New Program Demo Site,trinidadcorp.protraining.com,https://682.yssecure.com/"
"683,GetElectricalSafety.com,disabled.com,https://683.yssecure.com/"
"684,Michael Hannon and Associates,mha.protraining.com,https://684.yssecure.com/"
"685,0Chance2Fail - Ace Cash Express,acecashexpresstraining.com,https://685.yssecure.com/"
"686,0Chance2Fail,0chance2fail.com;0chance2fail.protraining.com,https://686.yssecure.com/"
"687,Passbooks,off.protraining.com,https://687.yssecure.com/"
"688,Custom - City of Calgary Online Training,calgarysafety.ca,https://688.yssecure.com/"
"689,Reseller - UPC WHMISDirect.ca,www.whmisdirect.ca,https://689.yssecure.com/"
"690,Levitt-Safety Training,www.levittsafetyarcflash.com;levittsafetyarcflash.com,https://690.yssecure.com/"
"691,chrisdemo.protraining.com,chrisdemo.protraining.com,https://691.yssecure.com/"
"692,FloridaRealEstateLicense.com - Gold Coast School of Real Estate,www.floridarealestatelicense.com,https://692.yssecure.com/"
"693,AIA Canada,www.AIACanadaTraining.com,https://693.yssecure.com/"
"694,Michael2020,www.michael2020.com;michael2020.protraining.com,https://694.yssecure.com/"
"695,Gold Coast - Miami Real Estate License,miamigc.protraining.com,https://695.yssecure.com/"
"696,joeldemo,joeldemo.protraining.com,https://696.yssecure.com/"
"697,Online Training Campus,ftc.protraining.com,https://697.yssecure.com/"
"698,I-GARD Electrical Safety Training,igard.protraining.com,https://698.yssecure.com/"
"699,BoatExams.ca Analytics,BoatExams.ca,https://699.yssecure.com/"
"700,Electrical Association of Manitoba,www.eamtraining.ca;meltraining.com,https://700.yssecure.com/"
"701,Custom - Inside Job Consulting,ksc.protraining.com,https://701.yssecure.com/"
"702,SEL Training,selests.protraining.com;www.seltraining.ca;seltraining.protraining.com;,https://702.yssecure.com/"
"703,Mortgage Learning Centre,mortgagelearningcentre.ca;www.mortgagelearningcentre.ca;mortgagelearningcentre.protraining.com,https://703.yssecure.com/"
"704,Institute for Applied Positive Research,www.positiveresearch.com;iapr.protraining.com,https://704.yssecure.com/"
"705,MEC Electrical Safety Training,mec-disabled.protraining.com,https://705.yssecure.com/"
"706,Custom - Michaels Arts & Crafts - WHMIS Training Online,michaelswhmis.com,https://706.yssecure.com/"
"707,IATA Migration Message,training.iata.org;iatamove.protraining.com,https://707.yssecure.com/"
"708,Beachcomber tubology,beachcomber.protraining.com,https://708.yssecure.com/"
"709,The University of Alabama ,uainsurance.tdblearning.com;alabama.protraining.com,https://709.yssecure.com/"
"710,Jon Moore's Demo Site,jonmoore.protraining.com,https://710.yssecure.com/"
"711,Test Conquest,notinuse.protraining.com,https://711.yssecure.com/"
"712,Training-Canada Offline,offline,https://712.yssecure.com/"
"713,Test Conquest,www.testconquest.com,https://713.yssecure.com/"
"714,Custom - Day and Ross Training Center,dayandross.protraining.com;www.dayandrosstraining.ca,https://714.yssecure.com/"
"715,1. Danatec US Master Content Site,danatecmastercontent.protraining.com,https://715.yssecure.com/"
"716,Derek Demo Site,derek.protraining.com,https://716.yssecure.com"
"717,Derek Demo Site,derek.protraining.com,https://717.yssecure.com/"
"718,AHEIA Raffle,campaignforconsed2014.protraining.com,https://718.yssecure.com/"
"719,Danatec Sandbox Site,sandbox.protraining.com,https://719.yssecure.com/"
"720,Sandbox / Test Site,t2sandboxdemo.protraining.com,https://720.yssecure.com/"
"721,LENCO Training,lenco-disabled.protraining.com,https://721.yssecure.com/"
"722,Ben's Test Site,ben.protraining.com,https://722.yssecure.com/"
"723,CCS Midstream Services,midstream.protraining.com,https://723.yssecure.com/"
"724,Unlimited PPE,www.arctested.com;www.estsportal.com;arctested.com,https://724.yssecure.com/"
"725,""Specialized Shipping, LLC | Dangerous Goods Specialists"",www.dgspecialiststraining.com,https://725.yssecure.com/"
"726,Transfield Services Login Page,transfield.protraining.com;tsacampus.com,https://726.yssecure.com/"
"727,FT Services Login Page,ftservices.protraining.com;www.ftscampus.com,https://727.yssecure.com/"
"728,Three Fold,www.threefoldservices.com;threefold.protraining.com,https://728.yssecure.com/"
"730,Certified Packing & Training Inc.,certpack.protraining.com,https://730.yssecure.com/"
"731,ECABC Training,www.ecabctraining.com;ecabctraining.com,https://731.yssecure.com/"
"732,PES Demo SIte,pesdemo.proexams.com,https://732.yssecure.com/"
"733,Bayer Protective Services DEMO SITE,bayer.protraining.com,https://733.yssecure.com/"
"734,Maritime Environmental Training Institute,meti.protraining.com;training.metiatlanticonline.com,https://734.yssecure.com/"
"735,Maritime Environmental Training Institute,meti-removed.protraining.com,https://735.yssecure.com/"
"736,YVR Partner Training,www.yvrtraining.ca;yvr.protraining.com,https://736.yssecure.com/"
"737,Custom - Trinity Communication Services Ltd.,www.trinity-training.ca;trinity.protraining.com,https://737.yssecure.com/"
"738,AHEIA - Bear Essentials,www.bearsafetytraining.com,https://738.yssecure.com/"
"739,Forklift Safety Online,notinuse.protraining.com,https://739.yssecure.com/"
"740,Innovative Trauma Care,itc.protraining.com,https://740.yssecure.com/"
"741,National Supply Centre,protraining.com,https://741.yssecure.com/"
"742,Emerus Training,emerus.protraining.com,https://742.yssecure.com/"
"743,WHMIS.ca,whmiscanada.protraining.com,https://743.yssecure.com/"
"744,titanhealth-training.ca,titanhealth.protraining.com,https://744.yssecure.com/"
"745,Restoration Guru,restorationguru.protraining.com,https://745.yssecure.com/"
"746,Avenue Living Online University,www.avenyou.ca;avenyou.ca;,https://746.yssecure.com/"
"747,CAE Safety Consultants,www.fleetsafetytraining.ca;fleetsafetytraining.ca;caesafety.protraining.com;,https://747.yssecure.com/"
"748,Extreme Safety,extreme.protraining.com;arcflashtraining.com.au;www.arcflashtraining.com.au,https://748.yssecure.com/"
"749,Eversafe Media,training.eversafe.ca;eversafemedia.protraining.com,https://749.yssecure.com/"
"750,Original Joe's Training,www.originaljoes-training.ca;originaljoes-training.ca;originaljoes.protraining.com,https://750.yssecure.com/"
"751,iPrep Plus ,iprepplus.com;iprepplus.protraining.com,https://751.yssecure.com/"
"752,NETA Online Training,www.netatraining.org;neta.protraining.com;netatraining.org,https://752.yssecure.com/"
"753,Enbridge and Vector Pipeline Emergency Responder Education Program,www.enbridge.protraining.com;www.mypipelinetraining.com;mypipelinetraining.com;maformationpipelines.com,https://753.yssecure.com/"
"754,Keith's Test Site,keith.protraining.com,https://754.yssecure.com/"
"755,EpiPen Online Training for Anaphylaxis and Allergies,legacytraining.epiexpert.com;training.epiexpert.com;www.epipentraining.com;epipen.protraining.com,https://755.yssecure.com/"
"756,ESTS - Sherritt,sherritt.arctested.com;sherritt.protraining.com;,https://756.yssecure.com/"
"757,Century Group,century.protraining.com,https://757.yssecure.com/"
"758,ESTS - Cementation,cementation.arctested.com,https://758.yssecure.com/"
"759,State and Main,www.stateandmain-training.ca;www.stateandmain.protraining.com,https://759.yssecure.com/"
"760,METI - Orkin,orkin.protraining.com;orkintest.protraining.com;,https://760.yssecure.com/"
"761,Elephant & Castle Training,www.elephantcastle-training.com;www.elephantcastle.protraining.com,https://761.yssecure.com/"
"762,AGA Proctor Training,agatraining.protraining.com,https://762.yssecure.com/"
"763,California Real Estate Exams Online,www.californialicenseexam.com,https://763.yssecure.com/"
"764,Ken's Demo,http://kensdemo.protraining.com,https://764.yssecure.com/"
"765,New York Real Estate Exams Online,www.nyrealestateexam.com,https://765.yssecure.com/"
"766,ACSA ILT Demo Site,acsa.protraining.com,https://766.yssecure.com/"
"767,Wamitab Skills Academy,www.wamitabskillsacademy.org.uk,https://767.yssecure.com/"
"768,ESTS - Vale,valelongharbour.arctested.com;www.valelongharbour.arctested.com;vale.protraining.com;,https://768.yssecure.com/"
"769,Enbridge Testing Site,mypipelinequiz.protraining.com;mypipelinequiz.com;monquizpipelines.com,https://769.yssecure.com/"
"770,AICC SCORM Test,clacscormtest.protraining.com,https://770.yssecure.com/"
"771,Epipen Training - TEMP,episandbox.protraining.com,https://771.yssecure.com/"
"772,Cindi's Demo Site,cindidemo.protraining.com,https://772.yssecure.com/"
"773,Diplomax Development Site,diplomax.protraining.com,https://773.yssecure.com/"
"774,CRES Redesign Build,cresdev.protraining.com,https://774.yssecure.com/"
"775,ACP Professional Portfolio Assessment,acp2.protraining.com,https://775.yssecure.com/"
"776,CSMLS Responsive Sandbox,csmls-design.protraining.com,https://776.yssecure.com/"
"777,FSI ProEx Test,fsitest.protraining.com,https://777.yssecure.com/"
"778,ESTS - Cliffs,cliffs.eststraining.com;cliffs.protraining.com,https://778.yssecure.com/"
"779,Stephen - Testing,stephen.protraining.com,https://779.yssecure.com/"
"780,BenK's SuperTraining Site,benk.protraining.com,https://780.yssecure.com/"
"781,Red Tiger Security,www.redtigersecurity.com;training.redtigersecurity.com,https://781.yssecure.com/"
"782,Defensive Driving,defensivedrivingalberta.com;www.defensivedrivingalberta.com;fleetsafety.protraining.com,https://782.yssecure.com/"
"783,ESTS - Mosaic,mosaic.eststraining.com,https://783.yssecure.com/"
"784,ESTS - Gibraltar,gibraltarmine.eststraining.com;gibraltar.protraining.com,https://784.yssecure.com/"
"785,Firearm Training Centre,www.paltest.ca;www.paltestonline.ca;www.palalberta.com,https://785.yssecure.com/"
"786,Johns Demo Site,johnsdemo.protraining.com;test234.protraining.com;069dfe5b.ngrok.io,https://069dfe5b.ngrok.io"
"787,Lineman's Testing Laboratories of Canada,www.training-ltl.ca;linemantestinglabs.protraining.com;,https://787.yssecure.com/"
"788,Firearm License Canada,www.firearmslicensecanada.com;firearmslicensecanada.com;www.firearmsafety-newfoundland.com;www.firearmsafety-quebec.com;www.firearmsafety-newbrunswick.com;www.firearmsafety-nwt.com;www.firearmsafety-pei.com,https://788.yssecure.com/"
"789,Monitor Site 1,webserver1.protraining.com,https://789.yssecure.com/"
"790,Monitor Site 2,webserver2.protraining.com,https://790.yssecure.com/"
"791,Monitor Site 3,webserver3.protraining.com,https://791.yssecure.com/"
"792,Firearm Safety Alberta,www.gunlicensealberta.com;gunlicensealberta.com;firearmsafety-alberta.com,https://792.yssecure.com/"
"793,Firearm Safety British Columbia,www.gunlicensebc.com;gunlicensebc.com;firearmsafety-britishcolumbia.com;,https://793.yssecure.com/"
"794,Firearm License Ontario,www.firearmslicenseontario.com;firearmslicenseontario.com,https://794.yssecure.com/"
"795,Firearm Safety Manitoba,www.firearmslicensemanitoba.com;firearmslicensemanitoba.com,https://795.yssecure.com/"
"796,Firearm Safety Saskatchewan,www.saskatchewanhuntersafety.com;saskatchewanhuntersafety.com;firearmsafety-saskatchewan.com,https://796.yssecure.com/"
"797,Firearms Prep,www.firearmsprep.com;firearmsprep.com;www.firearmprep.com,https://797.yssecure.com/"
"798,CFSC Prep,www.cfscprep.com;cfscprep.com,https://798.yssecure.com/"
"799,PAL Prep,www.palprep.com;palprep.com,https://799.yssecure.com/"
"800,CSFC PAL,csfcpal.protraining.com,https://800.yssecure.com/"
"801,CFSC PAL,www.cfsc-pal.com;cfsc-pal.com;www.firearmsafety-nunavut.com;www.gunprep.com;www.pal-cfsc.com;www.firearmsafety-yukon.com,https://801.yssecure.com/"
"802,ISTQB Test,www.istqbtest.com;istqbtest.com,https://802.yssecure.com/"
"803,India ISTQB,www.indiaistqbexam.com;indiaistqbexam.com,https://803.yssecure.com/"
"804,Prorealestate Build,prorealestate-dev.protraining.com,https://804.yssecure.com/"
"805,METI Build Site,buildsite.protraining.com,https://805.yssecure.com/"
"806,DanatecIncTraining.com,www.danatecinctraining.com;danatecinctraining.com,https://806.yssecure.com/"
"807,Closer to Home Demonstration Site,cthdemo.protraining.com,https://807.yssecure.com/"
"808,Closer To Home Initiative Site,closertohome.protraining.com,https://808.yssecure.com/"
"809,Gold Coast Responsive Site 2015,gcresponse.protraining.com,https://809.yssecure.com/"
"810,Safe Work Series,swsdanatec.protraining.com,https://810.yssecure.com/"
"811,Gold Coast Redesign,gcdev.protraining.com,https://811.yssecure.com/"
"812,Ottawa Airport Authority,yow.protraining.com;lms.ottawa-airport.ca,https://812.yssecure.com/"
"813,Tester Site,www.tester.com,https://813.yssecure.com/"
"814,Practise Site,www.tester.com,https://814.yssecure.com/"
"815,MEL TRAINING (ESTS) Build,www.mel-dev.protraining.com,https://815.yssecure.com/"
"816,ESTS IRISS Responsive Site Build,estsiriss.protraining.com,https://816.yssecure.com/"
"817,T2 Testing Site,t2testing.protraining.com,https://817.yssecure.com/"
"818,Safety Exams Sandbox,safetyexamsbuild.protraining.com,https://818.yssecure.com/"
"819,AOYS Fire Training,www.aoysfiretraining.com,https://819.yssecure.com/"
"820,ACP OA-SYS2,oasys2.protraining.com,https://820.yssecure.com/"
"821,Total Safety,totalsafety.protraining.com,https://821.yssecure.com/"
"822,ESTS - FRENCH,www.eclairdarc.com;estsfrench.protraining.com;www.eclairdarc.ca,https://822.yssecure.com/"
"823,UPPE French,www.estsfr.com;uppefrench.protraining.com,https://823.yssecure.com/"
"824,Texas Exam Prep,texasexamprep.protraining.com,https://824.yssecure.com/"
"825,Digital Badges Yo,digitalbadge.ca,https://825.yssecure.com/"
"826,TEST DigitalBadge.ca,test.digitalbadge.ca,https://826.yssecure.com/"
"827,TDG WHMIS Build,tdgwhmis.protraining.com,https://827.yssecure.com/"
"829,Well Control School,wellcontrolstaging.protraining.com,https://829.yssecure.com/"
"830,Webservices,webservices.yssecure.com,https://830.yssecure.com/"
"831,ESTS WESSTRAINING Responsive Site Build,estswess.protraining.com,https://831.yssecure.com/"
"832,Standard Scaffold Training,standardscaffold.protraining.com,https://832.yssecure.com/"
"833,Detection and Control of Flammable and Toxic Atmospheres,www.gasdetectiontraining.ca;gasdetectiontraining.ca;xpan.protraining.com;gasdetectionalberta.com;gasdetectionbc.ca;gasdetectionbc.com;gasdetectionsaskatchewan.ca;gasdetectionsaskatchewan.com;oilfieldsafetytraining.ca;xactsafetytraining.com,https://833.yssecure.com/"
"834,French - Lineman's Testing Laboratories of Canada ,www.ltlfrench.protraining.com,https://834.yssecure.com/"
"835,Winnipeg Airports Authority,waatraining.protraining.com,https://835.yssecure.com/"
"836,United Academy,unitedacademy.ur.com;urtrainingacademy.protraining.com,https://unitedacademy.ur.com"
"837,FSI Redesign,fsidev.protraining.com,https://837.yssecure.com/"
"838,ESTS - IRISS,safer-ir.com;iriss.protraining.com,https://838.yssecure.com/"
"839,MSDS Online,msdsonline.protraining.com,https://839.yssecure.com/"
"840,ExamRoot,www.examroot.ca,https://840.yssecure.com/"
"841,Yardstick LMS Demo,yslms.protraining.com,https://841.yssecure.com/"
"842,AHEIA - Archery Essentials,www.bowtraining.com,https://842.yssecure.com/"
"849,Suncor Training Center,suncor.protraining.com,https://849.yssecure.com/"
"850,Secure Training,securetraining.protraining.com,https://850.yssecure.com/"
"851,KJL Electrical Safety Training System (ESTS),www.atlanticelectricalsafety.ca,https://851.yssecure.com/"
"852,AHEIA - Kidwise,www.kidwisetraining.com,https://852.yssecure.com/"
"853,Test Site John,testj.protraining.com,https://853.yssecure.com/"
"854,Christie Communications Demo Site,ccsamples.protraining.com,https://854.yssecure.com/"
"855,Christie Communications Demo,ccsamples.protraining.com,https://855.yssecure.com/"
"856,WESSTRAINING,www.wesstraining.com,https://856.yssecure.com/"
"857,United Rentals - Staging,unitedstaging.protraining.com,https://857.yssecure.com/"
"858,United Academy - Training Site,urstaging.protraining.com;unitedacademy.protraining.com,https://858.yssecure.com/"
"859,Ben's Demo Site,bena.protraining.com,https://859.yssecure.com/"
"860,Ben A's Demo Site,bena.protraining.com,https://860.yssecure.com/"
"861,Alberta TDG Training,albertatdgtraining.protraining.com,https://861.yssecure.com/"
"862,Alberta Motor Transport Association,amta.protraining.com,https://862.yssecure.com/"
"863,My GHS Training,myghstraining.protraining.com,https://863.yssecure.com/"
"864,Hawaii Exam Cram,hawaiiexamcram.protraining.com,https://864.yssecure.com/"
"865,AARA - Renewal Reminder Service,reminders.e-registry.ca;aara.protraining.com;reminders.eregistry.ca,https://865.yssecure.com/"
"866,Gold Coast Exams Devel,goldcoastexams.protraining.com,https://866.yssecure.com/"
"867,Fort McMurray International Airport,www.ymmtraining.ca,https://867.yssecure.com/"
"868,ExamRoot High,examroothigh.protraining.com,https://868.yssecure.com/"
"869,Regina International Airport Training Centre,yqrtraining.ca;www.yqrtraining.ca,https://869.yssecure.com/"
"870,Huma's Test Site,huma.protraining.com,https://870.yssecure.com/"
"871,DO NOT USE - California Hazcom,donotuseca.t2platform.com,https://871.yssecure.com/"
"872,Yardstick Boot Camp,bootcamp.getyardstick.com,https://872.yssecure.com/"
"873,Richard's Demo Site,richard.protraining.com,https://873.yssecure.com/"
"874,World Vision Online Training,wvsecuritytraining.org;wvot.protraining.com,https://874.yssecure.com/"
"875,ACSA ILT Demo Site,acsailt.protraining.com,https://875.yssecure.com/"
"876,Alaska HazCom Training,donotusealaskahaztr.t2platform.com,https://876.yssecure.com/"
"877,DO NOT USE - Pennsylvania Hazcom,donotusepenhaz1.t2platform.com,https://877.yssecure.com/"
"879,DO NOT USE Pennsylvania Hazcom Training,donotusepenhaz.t2platform.com,https://879.yssecure.com/"
"880,DO NOT USE Texas Hazcom,donotusetexashazcom.t2platform.com,https://880.yssecure.com/"
"881,DO NOT USE Texas Hazcom Training,donotusetexashazcomtraining.t2platform.com,https://881.yssecure.com/"
"882,DO NOT USE West Virginia Hazcom Training,donotusewvhaztra.t2platform.com,https://882.yssecure.com/"
"883,DO NOT USE - Alaska GHS Training  ,donotuseal.t2platform.com,https://883.yssecure.com/"
"884,DO NOT USE - California GHS Training,donotusecaghstr.t2platform.com,https://884.yssecure.com/"
"885,DO NOT USE  -North Dakota GHS Training,donotusenorthdakota.t2platform.com,https://885.yssecure.com/"
"886,Pennsylvania GHS Training,pennsylvaniaghstraining.com;www.pennsylvaniaghstraining.com,https://886.yssecure.com/"
"887,Demo - Reseller Site US,issa.proexams.com,https://887.yssecure.com/"
"888,Custom - Hess Online Training,hess.proexams.com;www.hesstraining.com;hesstraining.com,https://888.yssecure.com/"
"889,DO NOT USE - South Dakota GHS Training,donotusesouthdakotahaz.t2platform.com,https://889.yssecure.com/"
"896,Cara's Demo Site,carasdemosite.protraining.com,https://896.yssecure.com/"
"897,DO NOT USE - Texas GHS Training,donotusetexasghs.t2platform.com,https://897.yssecure.com/"
"898,DO NOT USE - West Virginia GHS Training,donotusewv.t2platform.com,https://898.yssecure.com/"
"899,DO NOT USE - Alaska HazCom,donotusealhaz.t2platform.com,https://899.yssecure.com/"
"900,DO NOT USE - California HazCom Training,donotusecalhaz.t2platform.com,https://900.yssecure.com/"
"901,DO NOT USE North Dakota Hazcom,donotusenorthdakotahazcom.t2platform.com,https://901.yssecure.com/"
"902,DO NOT USE North Dakota Hazcom Training,donotusenorthdakotahazomtraining.t2platform.com,https://902.yssecure.com/"
"903,DO NOT USE - South Dakota HazCom,donotusesouthdakotahazcom.t2platform.com,https://903.yssecure.com/"
"904,DO NOT USE - South Dakota HazCom Training,donotusesouthdakotahazcomtraining.t2platform.com,https://904.yssecure.com/"
"905,kemshademo,kemshademo.protraining.com,https://905.yssecure.com/"
"906,DO NOT USE West Virginia Hazcom,donotusewvhazcom.t2platform.com,https://906.yssecure.com/"
"907,CAHF,cahf.ca;cahf.protraining.com,https://907.yssecure.com/"
"908,Peter Elzinga Family,www.peterelzinga.com;www.peter.protraining.com;,https://908.yssecure.com/"
"909,Hudsons Development Site,hudsonsdev.protraining.com,https://909.yssecure.com/"
"910,Ben A's Demo Site,bena.protraining.com,https://910.yssecure.com/"
"911,Copper Consulting,www.copperconsultingagency.ca;copper.protraining.com;,https://911.yssecure.com/"
"912,Moxies Online Training Site,moxies.protraining.com,https://912.yssecure.com/"
"913,Gefhousing ,gefhousing.protraining.com,https://913.yssecure.com/"
"914,Moxies - Chop,chop.protraining.com,https://914.yssecure.com/"
"915,Moxies - Shark Club,sharkclub.protraining.com,https://915.yssecure.com/"
"916,Moxies - Rockford,rockford.protraining.com,https://916.yssecure.com/"
"917,Alberta Agriculture Resource Development Rats,aard.protraining.com,https://917.yssecure.com/"
"918,Glen Edmunds Advanced Driving,elearning.glenedmunds.com;edmunds.protraining.com,https://918.yssecure.com/"
"919,Jai Demo Site,jairocks.protraining.com,https://919.yssecure.com/"
"920,ESTS - Explorer Pipeline,explorer.estsportal.com;explorer.protraining.com;explorer.arctested.com,https://920.yssecure.com/"
"921,Vijetha Demo Site,vijethademo.protraining.com,https://921.yssecure.com/"
"922,ISSA,cits-nm.issa.com;issa.protraining.com,https://922.yssecure.com/"
"923,vijetha site,vijethapdemo.protraining.com,https://923.yssecure.com/"
"924,World Vision Fundraising Academy,fundraisingacademy.protraining.com,https://924.yssecure.com/"
"925,Rustici Demo,rustici.protraining.com,https://925.yssecure.com/"
"926,Efte's Demo Site,efte.protraining.com,https://926.yssecure.com/"
"927,ben.demo.site,ben.protraining.com,https://927.yssecure.com/"
"928,ben.demo.site,ben.protraining.com,https://928.yssecure.com/"
"929,bens demo site,bens.protraining.com,https://929.yssecure.com/"
"930,IAHSS DEV,iahssdev.protraining.com,https://930.yssecure.com/"
"931,ESTS - Techmation,techmation.eststraining.com;techmation.protraining.com;,https://931.yssecure.com/"
"932,World Vision Gifts-In-Kind Training,gik.protraining.com,https://932.yssecure.com/"
"933,REDD Engineering,redd.protraining.com,https://933.yssecure.com/"
"934,ISSA - Members,cits.issa.com;issamembers.protraining.com,https://934.yssecure.com/"
"935,RPAP,rpap.protraining.com,https://935.yssecure.com/"
"936,Alberta Safety Council,ascsafety.ca;asc.protraining.com;asconline.ca,https://936.yssecure.com/"
"937,Danatec Badge Demo,danatecbadgedemo.t2platform.com,https://937.yssecure.com/"
"938,Dillon's Test Site,dillon.protraining.com,https://938.yssecure.com/"
"939,Pacific Powertech,elearn.pacificpowertech.ca;pacificpowertech.protraining.com;training.pacificpowertech.ca,https://939.yssecure.com/"
"940,Smart Serve Ontario,smartserve.protraining.com,https://940.yssecure.com/"
"941,Craigs Test Site,craig.protraining.com,https://941.yssecure.com/"
"942,Online Training Campus - Demo Site,onlinetrainingcampusdemo.protraining.com,https://942.yssecure.com/"
"943,Alberta Safety Council Demo,albertasafetycouncildemo.protraining.com,https://943.yssecure.com/"
"944,Redesign Development,redesigndevelopment.protraining.com,https://944.yssecure.com/"
"945,Global Training Centre,globaltrainingcentre.protraining.com,https://945.yssecure.com/"
"946,CRES Sandbox Site,cres.sandbox.protraining.com,https://946.yssecure.com/"
"947,Examroot- Queen Elizabeth,queene.examroot.ca;queenelizabeth.protraining.com;,https://947.yssecure.com/"
"948,Examroot Athabasca Delta,athabascadelta.examroot.ca;athabascadelta.protraining.com,https://948.yssecure.com/"
"949,Yukon WHMIS Training,www.yukonwhmistraining.com;yukonwhmistraining.protraining.com,https://949.yssecure.com/"
"950,Northwest Territories WHMIS Training,www.nwtwhmistraining.com;nwtwhmistraining.protraining.com,https://950.yssecure.com/"
"951,Newfoundland WHMIS Training,www.newfoundlandwhmistraining.com;newfoundlandwhmistraining.protraining.com,https://951.yssecure.com/"
"952,Dillons Ultra Tester,dillontest.protraining.com,https://952.yssecure.com/"
"953,Smart Serve Demo Site,smartserve.protraining.com,https://953.yssecure.com/"
"954,ECAA Development,ecaa-development.protraining.com,https://954.yssecure.com/"
"955,T2 Front-End Template,template.protraining.com,https://955.yssecure.com/"
"956,Skills Training Centre Virtual Skills Academy,exams.skillstrainingcentre.co.uk;skillsacademy.protraining.com,https://956.yssecure.com/"
"957,So You Think You're Vegas?,www.vegas.protraining.com,https://957.yssecure.com/"
"958,Talal's site,talal.protraining.com,https://958.yssecure.com/"
"959,LogRhythm Demo Site,logrhythm.protraining.com,https://959.yssecure.com/"
"960,Access eTraining,www.accessetraining.com;accessetraining.protraining.com;,https://960.yssecure.com/"
"961,IIC Demo Site,iicdemo.protraining.com,https://961.yssecure.com/"
"962,Zimbra Demo Site,demozimbra.protraining.com,https://962.yssecure.com/"
"963,Remote Site Safety,www.remotesitesafety.ca;remotesitesafety.protraining.com,https://963.yssecure.com/"
"964,Layne Training,layne.protraining.com,https://964.yssecure.com/"
"965,Yardstick Design Concepts,concepts.protraining.com,https://965.yssecure.com/"
"966,ProTraining,www.protraining.com;mhat.protraining.com;stephenmhat.protraining.com,https://966.yssecure.com/"
"967,AIARE Demo Site,aiaredemo.protraining.com,https://967.yssecure.com/"
"968,Film Industry Training Seminars,fits.protraining.com,https://968.yssecure.com/"
"969,Roundhouse Environmental Management,roundhouseenvironmental.ca;roundhouse.protraining.com,https://969.yssecure.com/"
"970,Reseller - Excell Battery Training USA,www.excellbatterytraining.com;excellbatterytraining.com,https://970.yssecure.com/"
"971,Famoso Dev,famosodev.protraining.com,https://971.yssecure.com/"
"972,Automated Tests,autotests.protraining.com,https://972.yssecure.com/"
"973,Creative Dining Exam Center,creativedining.protraining.com,https://973.yssecure.com/"
"974,United Academy - Gruen Design,urgruen.protraining.com,https://974.yssecure.com/"
"975,Danatec Responsive Sites Build,dtec.protraining.com,https://975.yssecure.com/"
"976,ECAA - Supervisor Discipline Training,www.ecaalrctraining.com;ecaa-supervisor.protraining.com,https://976.yssecure.com/"
"977,Fall Protection Awareness Training Responsive,fallarrestresponsive.protraining.com,https://977.yssecure.com/"
"978,Max Test,max.protraining.com,https://978.yssecure.com/"
"979,Paul Test site,paul.protraining.com,https://979.yssecure.com/"
"980,Responsive Development Site,res-site.protraining.com,https://980.yssecure.com/"
"981,Alberta TDG Training Responsive,albertatdgtrainingresponsive.protraining.com,https://981.yssecure.com/"
"982,Steven's Test Site,""stevenw,protraining.com"",https://982.yssecure.com/"
"983,My Safety Badge Demo,mysafety.protraining.com,https://983.yssecure.com/"
"984,ABWHMIS Responsive Dev,abwhmis.protraining.com,https://984.yssecure.com/"
"985,OntarioTDG Responsive,ontariotdg.protraining.com,https://985.yssecure.com/"
"986,OntarioWHMIS Responsive,ontariowhmis.protraining.com,https://986.yssecure.com/"
"987,WHMISTraining Responsive,whmisresponsive.protraining.com,https://987.yssecure.com/"
"988,Evans Test Site,eadnams.protraining.com,https://988.yssecure.com/"
"989,Made Foods,madefoods.protraining.com,https://989.yssecure.com/"
"990,Boat Exams Sandbox,boatsandbox.protraining.com,https://990.yssecure.com/"
"991,adrian.protraining.com,adrian.protraining.com,https://991.yssecure.com/"
"992,LeeTestSite,lee.protraining.com,https://992.yssecure.com/"
"993,Share Programs Test,share.protraining.com,https://993.yssecure.com/"
"994,Best Demo Site EVER,best.protraining.com,https://994.yssecure.com/"
"995,Energy Innovation Center Institute,www.eictraining.org;eictraining.protraining.com,https://995.yssecure.com/"
"996,Houston Area Safety Council,www.hasctraining.com;hasctraining.com,https://996.yssecure.com/"
"997,Texas Real Estate School,texschool.com;tres.protraining.com,https://997.yssecure.com/"
"998,Niagara University Mental Health Online Training,nu.protraining.com,https://998.yssecure.com/"
"999,ESTS ECABC Responsive Site Build,estsecabc.protraining.com,https://999.yssecure.com/"
"1000,Evan rocks,etap.protraining.com,https://1000.yssecure.com/"
"1001,Web10,web10.protraining.com,https://1001.yssecure.com/"
"1002,Olds College,oldscollege.protraining.com,https://1002.yssecure.com/"
"1003,EAM Responsive Site,eamsite.protraining.com,https://1003.yssecure.com/"
"1004,Michelle's Demo Site,michelle.protraining.com,https://1004.yssecure.com/"
"1005,ESTS - Premier Tech,premiertech.eststraining.com,https://1005.yssecure.com/"
"1006,ESTS EAM Responsive Site Build,eamtraining.protraining.com,https://1006.yssecure.com/"
"1007,ESTS Extreme Safety Responsive Site Build,estsextreme.protraining.com,https://1007.yssecure.com/"
"1008,ESTS Pacific Powertech Responsive Site Build,estspacific.protraining.com,https://1008.yssecure.com/"
"1009,ESTS KJL Responsive Site Build,estskjl.protraining.com,https://1009.yssecure.com/"
"1010,TesTeachers Online,disabledtesteachers.protraining.com,https://1010.yssecure.com/"
"1011,TesTeacher - Primerica,primerica.protraining.com,https://1011.yssecure.com/"
"1012,Boat Safety Online,boatsafety.protraining.com;boatsafetyonline.com,https://1012.yssecure.com/"
"1013,Max Site 2,max2.protraining.com,https://1013.yssecure.com/"
"1014,My Test Site,sparkaviation.protraining.com,https://768.yssecure.com/"
"1015,Demonstration Site - Don,dondemo.protraining.com,https://1015.yssecure.com/"
"1016,Test Site,asctest.protraining.com,https://1016.yssecure.com/"
"1017,ESTS ECASK Reseller,www.ecasasktraining.ca;ecask.protraining.com,https://1017.yssecure.com/"
"1018,ESTS ECANB Reseller,ecanb.protraining.com,https://1018.yssecure.com/"
"1019,CPSS Demo,leharbour.protraining.com,https://1019.yssecure.com/"
"1020,Alberta Health Services DEMO,ahs.protraining.com,https://1020.yssecure.com/"
"1021,TAMLO Demo,tamlo.protraining.com,https://1021.yssecure.com/"
"1022,Viking Enterprise Safety,www.vikingenterprisesafety.com;viking.protraining.com,https://1022.yssecure.com/"
"1023,ProTraining - Dev,protrainingdev.protraining.com,https://1023.yssecure.com/"
"1024,College of Midwives of Ontario,cmo.protraining.com,https://1024.yssecure.com/"
"1025,Safeopedia,safeopedia.protraining.com,https://1025.yssecure.com/"
"1026,Tourism Works,tourismworks.protraining.com,https://1026.yssecure.com/"