templates.proexams.com;webservices.proexams.com
www.pilotsense.com
www.victoriaflyingclub.com
www.gunexams.com;www.gunexams.ca
www.agentexams.com;agentexams.com
www.readytodrive.com;www.readytodrive.ca;server1.proexams.com;server2.proexams.com
www.skiexams.com
snowexams.proexams.com
sportshooter.gunexams.com
www.radioexams.com
www.rabbithill.com
exams.visnet.ca
www.cadetexams.com
exams.edmontonflyingclub.com
site26.proexams.com
www.boatexams.com;www.boatexams.ca
www.readytodrive.co.uk
www.readytodrive.co.uk
exams.trialtec.com
exams.arcadiaservices.com;exams.arcadiahomecare.com
www.pilotexams.com;pilotexams.com;www.faapilotexams.com;www.pilotexams.ca
www.driverexams.com
apro.proexams.com;www.aprobaelexamen.com
Site18.ProExams.Com
Site19.ProExams.Com
Site20.ProExams.Com
bnsf.ProExams.Com
lasalle.ProExams.Com
Site32.ProExams.Com
exams.areahub.ca;area.proexams.com
brenthorn.proexams.com
www.realestatecram.com
www.mortgagecram.com
www.contractorcram.com
erac.proexams.com
www.prohuntertraining.com
www.ahcaexams.com;Site42.ProExams.Com
www.spanishrealestatecram.com
Site47.ProExams.Com
Site51.ProExams.Com
aplus.ProExams.Com
nsre.ProExams.Com
Site55.ProExams.Com
Site57.ProExams.Com
dkts.proexams.com
Norris.ProExams.Com
stabler.ProExams.Com
www.iwannapass.com
Site70.ProExams.Com
www.truckexams.com
www.texasexamprep.com
www.insuranceexamcram.com
police.proexams.com;exams.jobs4police.com
Site2.ProExams.Com
MedTextsdfsdsdffs.ProExams.Com
exams.rrantesting.com; rran.proexams.com
www.examprepcourse.com
www.ProRealEstateExam.com
www.passtherealestateexam.com
www.newenglandexams.com
exams.sreacademy.com;sreacademy.proexams.com
dianne.proexams.com
iahss.proexams.com
spanishexams.sreacademy.com;spanishexams.protraining.com
gire.proexams.com
Takagi.proexams.com
responderexams.complico-us.com;bridge.proexams.com
realproptech.proexams.com
edulinx.proexams.com
www.mindprotesting.com;sixsigma.proexams.com
creb.proexams.com
RedDeerREB.proexams.com
medtextsdfsdafasdf.protraining.com
www.cashewclub.com
chefexams.protraining.com
www.mym-u.com
kellen.proexams.com
sherisexams.proexams.com
ahca.proexams.com
burgerkingsdf.proexams.com
sws.proexams.com
wsi.proexams.com
cthrc.proexams.com
www.goldcoastexams.com
TimHortons.ProExams.com
Earls.ProExams.com
CactusClub.ProExams.com
JoeyTomatoes.ProExams.com
moxies.proexams.com
Sheraton.ProExams.com
CaraFoods.ProExams.com
Montanas.ProExams.com
Quiznos.ProExams.com
ExtremePita.ProExams.com
www.boosterjuiceu.com
Subway.ProExams.com
Super8.ProExams.com
EastSideMarios.ProExams.com
Kelseys.ProExams.com
BoosterJuice.ProExams.com
BestWestern.ProExams.com
gcappraisal.protraining.com
PMP.ProExams.com
exams.embarcadero.com;Embarcadero.ProExams.com
NAITAV.ProExams.com
Delta.proexams.com
Cratex.proexams.com
cca.proexams.com
coldwell.passtherealestateexam.com
www.hawaiiexamcram.com;hawaiiexamcram.proexams.com
demo.ProExams.com; demo.protraining.com
Gordon.proexams.com
trm.proexams.com;tyler.proexams.com
backbar.proexams.com;www.backbardone.ca
test.protraining.com
westgroup.proexams.com
CrossCountry.proexams.com
analogmethod.proexams.com
ace2.proexams.com
sabre.proexams.com
www.AMPExams.com
martini.proexams.com
www.felicerealestateexams.com
TeacherEase.proexams.com;exams.teacherease.com
drew.proexams.com
tonyromas.proexams.com
NAFEDProctor.proexams.com
www.abbatraining.com;abbatraining.com;
neverfail.proexams.com
ABEnvironment.Proexams.com
www.testdriveproexams.com
DemoPolice.Proexams.com
Test.ProExams.com
compsmart.proexams.com
www.emathbook.com
www.menuexams.com
www.projectelite.proexams.com
SIOR.proexams.com
wileys.proexams.com
mpe.proexams.com
Arjent.ProExams.com
www.learnfirstaid.com
proexams.com
www.cliffsexams.com
www.constructionce.com
gastro.proexams.com
aga.proexams.com
de.proexams.com
www.pvaacoachtraining.com
ERACtest.Proexams.com
ABG.Proexams.com
Pro.Proexams.com
SurfControl.ProExams.com
greg.proexams.com
PPI2Pass.ProExams.com
pearl.proexams.com;www.pearltraining.com
Paramagnus.proexams.com
RealtyU.ProExams.com
applix.proexams.com
pulte.proexams.com
umd.proexams.com
umd.proexams.com
krs.proexams.com
AREAdemo.Proexams.com
FCATBooster.ProExams.com
avop.protraining.com
Sample.Proexams.com
masterfit.proexams.com
Pencom.Proexams.com
RETC.ProExams.com
OHS.ProExams.com
NCSL.Proexams.com
lex.proexams.com
Drew.proexams.com
AWNA.proexams.com;courses.awna.com;learn.awna.com;training.awna.com
payplease.protraining.com
www.wirtctraining.com;Wickstrom.ProExams.com
www.chefexams.com;www.cashewsote.com;www.backbar.ca
Saylers.Proexams.com
Keir.ProExams.com
IFPUG.ProExams.com
methodex.proexams.com
YEG.ProExams.com
www.ifrecexams.com; ifrec.proexams.com
barry.proexams.com
turnedoff.protraining.com
www.gwhcsalestraining.com;gwl.proexams.com;www.myexams.gwh.com
Eaton321321.proexams.com
LLMSI.proexams.com
asn.proexams.com
nsap.proexams.com
nafed.proexams.com
chalkandtalk.protraining.com
safety.proexams.com
tdgwhmis.com;tdg.protraining.com
epm.proexams.com
erac5809898.proexams.com
tracey.proexams.com
vivitar.protraining.com
prime.protraining.com
CRDHA.proexams.com
www.mortgageandrealestatecenter.com;mortrain.protraining.com
USEMS.protraining.com
finning.protraining.com
wyomingnurses.proexams.com;wyomingnurses.protraining.com
www.grc.proexams.com;www.sox.proexams.com
cortiva.proexams.com
valleyzoo.protraining.com
asn.proexams.com
www.stafflearningcenter.com; www.stafflearningcentre.com; safety.protraining.com
training.leprestamos.com;prest.protraining.com
donstest.protraining.com
furnitureu.proexams.com
ASM.protraining.com
APITesting.ProTraining.com
surf.proexams.com
www.policetestsolutions.com;www.jobs4policeonline.com
chubb.protraining.com
fcc.fac.proexams.com
vertical.protraining.com
289erac-nrc.proexams.com
www.yourassociationtraining.com; YAT.protraining.com
cfs.proexams.com
creschool.com;www.homerealestateacademy.com;hrea.proexams.com
PrimeTiime Learning
rij.proexams.com
www.primetimelearning.ca
tradeexam.protraining.com
www.aceyourpostalexam.com
CRDHA-JP.protraining.com
bcforest.protraining.com
www.emscram.com
advancedmd.proexams.com
pap241.proexams.com
ONVetTechs.proexams.com
www.hinesexams.com;hines.proexams.com
yardsticku.com;yardsticku.ca;ysuniversity.protraining.com
appraisal.proexams.com
tutors.protraining.com
www.safetyexams.ca;safetyexams.protraining.com;www.crspexams.com
interim.proexams.com
exams.cfrtraining.com;ttc.proexams.com
test.protraining.com
frsskl123lnmss.proexams.com
atac.proexams.com;training.atac.ca
www.csdatraining.com
edwin.proexams.com
datacomm.proexams.com
brian.protraining.com
ccs.protraining.com
aheia.com;aheia.proexams.com
jwp.protraining.com
www.easyford.com;www.easyfordmeats.com;www.easyfordcattle.com;easyford.protraining.com
www.unitedrealestatemedia.com;united.protraining.com
www.locatortraining.com
www.locatortraining.com
Dan.ProTraining.com
interim.protraining.com;testing.interimhealthcare.com
safetyadvantage.protraining.com
rimsixsigma.protraining.com
content.protraining.com
weatherford.protraining.com
cargoandjames.protraining.com
franchise.protraining.com
acp.proexams.com
kimberly.protraining.com
silliker.proexams.com
erac50.proexams.com
closedsnapon1234.protraining.com
oldacp.proexams.com
moving.protraining.com
rgoinactive.protraining.com
golfdoctorspaymentcenter.proexams.com
eracva.proexams.com
snapon23e.proexams.com
tksimplex.protraining.com
radioloans.protraining.com
totalact.protraining.com
international.protraining.com
actfl.protraining.com
bc.protraining.com;training.bccommunitynews.com;www.newspapertraining.ca;
cars.protraining.com
top.proexams.com
www.usrealestateexams.com
nmtestingcenter7002.proexams.com
armbrust.protraining.com
wef.protraining.com
penhall.protraining.com
angeline.protraining.com
ul.proexams.com
prodevia.proexams.com
ssmi.protraining.com
SimpsonGroup.protraining.com
www.realestateexamusa.com;realestateexamusa.protraining.com
solutions.proexams.com
msfh.protraining.com
joes.protraining.com;ipaths.happyjoes.net
msfh.protraining.com
training.cmkg.org;data.protraining.com
www.traintrust.com;mcinnis.protraining.com
goldcoastdemo.protraining.com
mpa.protraining.com
access-safety.net;access.protraining.com
null
srec.proexams.com;asr.proexams.com
sam.protraining.com
vtu.protraining.com
prismdeactivated.proexams.com
Area.ProTraining.com
arido.protraining.com
arido.protraining.-.com
prism.cmkg.org;redbull.protraining.com
NACG.protraining.com
heritagefunds.protraining.com
ledcor.protraining.com
www.medicalstudentexams.com;medicalstudentexams.com;med.proexams.com
www.knowledgeconstruction.com;kc.protraining.com
society.wirtctraining.com;si.protraining.com
www.apsaonline.com;apsa.protraining.com;training.apsaonline.com
training.eduguard.com;eduguard.protraining.com
remarkasdfetinsdafdfg.protraining.com
albian.protraining.com
ocna.protraining.com
kiva.protraining.com
mcna.protraining.com
gcsaa.protraining.com;igcema.protraining.com
disabledpetroselect.protraining.com
reic.protraining.com
yyc.protraining.com
www.tumitraining.com
content.proexams.com
silverlining.protraining.com
heritagefunds.protraining.com
conceivable.protraining.com
www.disabledcedatraining.com;inactiveceda.protraining.com
vital.protraining.com
www.familymedicineexams.com;familymed.proexams.com
www.lmccexams.com
www.amcprep.com;mbbs.proexams.com
www.mrcpexams.com;mrcp.proexams.com
www.principlesofsurgery.com;surgery.proexams.com
www.residencyexams.com;residency.proexams.com
www.usmlepracticeexams.com;usmle.proexams.com
vaa.protraining.com
www.dnlfarmstraining.com;dnl.protraining.com
erp.protraining.com
copa.protraining.com
www.autodatau.com;autodata.protraining.com
www.eeatraining.com
erac7747.protraining.com
abbademo.proexams.com
site421.proexams.com
estsneta.protraining.com
Christi.protraining.com
dprism.protraining.com
www.chalkntalkonline.co.uk;cnt.protraining.com
asrdemo.proexams.com
www.disabledbpskillbuilder.com;disabledbp.protraining.com
code.protraining.com
codedemo20102010.protraining.com
prep.protraining.com
isee.protraining.com
www.topproducercertification.com;topproducer.protraining.com;
cd.protraining.com
www.managementmiracles.ca;nait.protraining.com
nait.protraining.com
www.constructionce.com
SNS.ProTraining.com
asrdemo.proexams.com
www.acnatraining.com;acna.protraining.com
www.disabledwafs4you.com;waynefiredisabled.protraining.com
www.ohioconcretesafety.com;ohio.protraining.com
online.goldcoastschools.com;gc.protraining.com
amba.proexams.com
YourSite.ProTraining.com
amstesting.protraining.com;www.knowproduct.com
csmls.protraining.com
www.emsprep.com
www.trailersafety.com;http://trailersafety.com
GCFLcourse.protraining.com
www.bhcctraining.com;www.petrolitetraining.com;petrolite.protraining.com
eia.protraining.com
www.totalsafety.ca
crdhatest.proexams.com
88djdf.protraining.com
socafe.protraining.com
ecompliance.protraining.com
training.ambaeducation.ca;amba.protraining.com
post.protraining.com
www.mccqe2prep.com;mccqe2.protraining.com
www.osceprep.com;osceprep.protraining.com
waa.protraining.com
csg.protraining.com
www.thegreatdiscoverytesting.com;great.protraining.com
www.usmlecsprep.com;usmlecsprep.protraining.com
owen.protraining.com
ben.protraining.com
ben2.protraining.com
royalhost.protraining.com
sd.com
heritage.protraining.com
van.protraining.com
ofah.protraining.com
donotusemorris.protraining.com
medquestions.proexams.com
kimberlyclark.protraining.com;kc.cmkg.org
fitt.proexams.com
cancelled.premiercorporatesecurity.com;cancelled.protraining.com
adgooroo.protraining.com
www.hudsonsu.ca;gateway.protraining.com
www.deactivatedtuitionrealestate.com;deactivatedtuition.protraining.com
parker.protraining.com
acpexams.proexams.com
www.learningtechnologies.ca;cls.protraining.com
allie.protraining.com
allie.protraining.com
paulcoyle.proexams.com
trailersafety.protraining.com
aw.protraining.com
nolan.protraining.com
DT.protraining.com
amy.protraining.com
www.winrocu.com;cpdonlineu.com;www.winrocspiu.com
idaexam.proexams.com
h2straining.com
customlearning.protraining.com
solinactive.protraining.com
lenel.proexams.com
www.socialmediatraining.biz;social.protraining.com
www.ecaatraining.com
devexams.proexams.com
boatexams12345.protraining.com
verifiertraining.homeinnovation.com;www.verifiertraining.net
esmtest.protraining.com
gs.proexams.com
whmistraining.ca
acpdemo.proexams.com
cres.protraining.com
www.bcwhmistraining.com
albertawhmistraining.com
www.SaskatchewanWHMISTraining.com
www.ManitobaWHMISTraining.com
www.OntarioWHMISTraining.com
elearning.garp.com;garp.protraining.com;elearning.garp.org
www.bctdgtraining.com
www.albertatdgtraining.com
www.SaskatchewanTDGTraining.com
www.ManitobaTDGTraining.com
ontariotdgtraining.com
tdgtraining.net
greatdiscovery.protraining.com
www.firstaidonline.ca
resources.protraining.com
training.gailforceresources.com;gailforce.protraining.com
www.wetrainprofessionals.com;wtp.protraining.com;www.millenniumschoolofrealestate.com;www.extremeagenttraining.com
energizer.cmkg.org;energizer.protraining.com
corning.protraining.com
energizer.protraining.com
wetrainprofessionals.protraining.com
ishm.proexams.com
christien.protraining.com
www.harperelearning.com;www.iatsi.ca;www.smstraining.com;iatsi.ca
CSTS.protraining.com
nec.protraining.com
ocp.protraining.com
getcertified.qad.com;qad.protraining.com
www.safetyfirsttrainingontario.ca;safetyfirst.protraining.com
iatsiwip.protraining.com;jason.protraining.com
www.carriertraining.com
disabled.protraining.com
www.neoexams.com
globalhazmat.-protraining.com;training.-globalhazmat.com
acpassessment.proexams.com
www.tdgghs.com
acppractice.proexams.com
aset.protraining.com
disabledonlinelearning.clac.ca;www.disabledonlinelearning.clac.ca;disabledclac.protraining.com
acpka.proexams.com
IMAP.protraining.com
heron.protraining.com
insight.protraining.com
training.spectrumsafety.ca
buildingpros.proexams.com
medicalexams.com;www.medicalexams.com
cardup.proexams.com
gregs.proexams.com
danateccontent.proexams.com
www.threestartraining.com;3star.protraining.com
elearning.iata.org;iata.proexams.com
edge.protraining.com
loreal.cmkg.org;loreal.protraining.com
aifd.proexams.com
training.petroclassroom.com;williamscompany.protraining.com;
trinidad.protraining.com;trinidadtraining.com
www.debtcerteweweqcsd.com
www.cetraining.ca;cetraining.protraining.com
aipctraining.protraining.com
icom.protraining.com
nobleexamcenter.noblecorp.com
sasktel.protraining.com
acclxt.proexams.com
fallarresttraining.ca
www.envirosystemstraining.com
epcs.proexams.com
liveexamsms2012.proexams.com
removedhosteader.biz
compliancecenter.protraining.com
cae.protraining.com
www.defensivedriving.ca;defensivedriving.ca;training.defensivedriving.ca
alaratraining.protraining.com
www.compliancedept.com
tony.protraining.com
nafc.proexams.com
clientservices.protraining.com
notinuse.proexams.com
training.security-advisers.com;securityadvisers.proexams.com
donotusecaliforniaosha.t2platform.com
abfmexams.protraining.com
paexams.protraining.com
cae.christie.ab.ca
uzma.proexams.com
scolr.protraining.com
jessica.protraining.com
ccfpexams.com;ccfp.protraining.com
www.whmiscertified.ca
novascotiawhmistraining.com
www.whmis-online.com
donotusewsc.protraining.com
exams.totalsafety.ca
www.confinedspace-training.com
www.longlaketraining.com;nexen.protraining.com
www.itpatraining.com
acpitems.proexams.com
exams.knopman.com
www.mortgagece.com
proctor.proexams.com
www.californianmls.com
ctw.protraining.com
cpbc_deleted.protraining.com;bccpapps_deleted.protraining.com
connextionstraining.com
jon.protraining.com
www.flatlineresponsetraining.com
www.iatatraining.ca
www.ylwtraining.ca;ylwtraining.ca
frontier.protraining.com
training.frontiersupply.ca
boatexams.protraining.com
psi.proexams.com
www.ylwtraining.ca; ylw.protraining.com
ocpcka.proexams.com
ocpdemo.proexams.com
bayloru.protraining.com
vermontconsort.protraining.com
boatexams.protraining.com
aheia.protraining.com
asreducation.com
pyrotek.protraining.com
training.cloudworksenergy.com
budgettraining.ca
advantagels.protraining.com;training.advantagels.ca
safetyoffice.proexams.com
acpjpitems.proexams.com
americanlighting.proexams.com
itb.protraining.com
americanlighting.proexams.com
www.ectraining.ca
sima.proexams.com;www.simacsp.com
cressandbox.protraining.com; cres.proexams.com
SIMA Testing Center
www.tycoistraining.com;tycoistraining.com;tyco.proexams.com
hillsvna.com;hillspet.protraining.com
www.edentifytraining.com;edentify.protraining.com
www.arcflash-training.ca;www.eststraining.com;www.csaz462training.com
unitedrentals.protraining.com;www.rsc-training.com;rsc-training.com;rsc.protraining.com
Chris.protraining.com
chrisdemo2.protraining.com
iatasandbox.protraining.com
www.infosafetraining.com
csss.protraining.com
www.jhswwsafety.com
www.FirstAidCertified.com
3DI.protraining.com
tristan.protraining.com
famoso.protraining.com
training.buildinginsights.com
tcinactive.protraining.com
www.norquestcontractingtraining.com;www.norquest.protraining.com
www.firstaidcpr.ca
enform.protraining.com
www.systemsengineeringprep.com
albertafirstaidtraining.com
www.bcfirstaidcpr.com
albertafirstaidcpr.com
ontariofirstaidcpr.com
calgaryfirstaidcpr.com
edmontonfirstaidcpr.com
occupationalfirstaid.net
firstaidcpronline.ca
training.amco.on.ca
Sep.programming.com;twowings.protraining.com
PEBCExams.com
www.redheadsafety.com
sces.protraining.com
onlineH2S.com
lockouttagoutsafety.com
torontocprtraining.ca
ontariocpr.com
cpr-training.ca
www.MCCEEExams.com;www.MCCEEExam.com
trinidadcorp.protraining.com
disabled.com
mha.protraining.com
acecashexpresstraining.com
0chance2fail.com;0chance2fail.protraining.com
off.protraining.com
calgarysafety.ca
www.whmisdirect.ca
www.levittsafetyarcflash.com;levittsafetyarcflash.com
chrisdemo.protraining.com
www.floridarealestatelicense.com
www.AIACanadaTraining.com
www.michael2020.com;michael2020.protraining.com
miamigc.protraining.com
joeldemo.protraining.com
ftc.protraining.com
igard.protraining.com
BoatExams.ca
www.eamtraining.ca;meltraining.com
ksc.protraining.com
selests.protraining.com;www.seltraining.ca;seltraining.protraining.com;
mortgagelearningcentre.ca;www.mortgagelearningcentre.ca;mortgagelearningcentre.protraining.com
www.positiveresearch.com;iapr.protraining.com
mec-disabled.protraining.com
michaelswhmis.com
training.iata.org;iatamove.protraining.com
beachcomber.protraining.com
uainsurance.tdblearning.com;alabama.protraining.com
jonmoore.protraining.com
notinuse.protraining.com
offline
www.testconquest.com
dayandross.protraining.com;www.dayandrosstraining.ca
danatecmastercontent.protraining.com
derek.protraining.com
derek.protraining.com
campaignforconsed2014.protraining.com
sandbox.protraining.com
t2sandboxdemo.protraining.com
lenco-disabled.protraining.com
ben.protraining.com
midstream.protraining.com
www.arctested.com;www.estsportal.com;arctested.com
www.dgspecialiststraining.com
transfield.protraining.com;tsacampus.com
ftservices.protraining.com;www.ftscampus.com
www.threefoldservices.com;threefold.protraining.com
certpack.protraining.com
www.ecabctraining.com;ecabctraining.com
pesdemo.proexams.com
bayer.protraining.com
meti.protraining.com;training.metiatlanticonline.com
meti-removed.protraining.com
www.yvrtraining.ca;yvr.protraining.com
www.trinity-training.ca;trinity.protraining.com
www.bearsafetytraining.com
notinuse.protraining.com
itc.protraining.com
protraining.com
emerus.protraining.com
whmiscanada.protraining.com
titanhealth.protraining.com
restorationguru.protraining.com
www.avenyou.ca;avenyou.ca;
www.fleetsafetytraining.ca;fleetsafetytraining.ca;caesafety.protraining.com;
extreme.protraining.com;arcflashtraining.com.au;www.arcflashtraining.com.au
training.eversafe.ca;eversafemedia.protraining.com
www.originaljoes-training.ca;originaljoes-training.ca;originaljoes.protraining.com
iprepplus.com;iprepplus.protraining.com
www.netatraining.org;neta.protraining.com;netatraining.org
www.enbridge.protraining.com;www.mypipelinetraining.com;mypipelinetraining.com;maformationpipelines.com
keith.protraining.com
legacytraining.epiexpert.com;training.epiexpert.com;www.epipentraining.com;epipen.protraining.com
sherritt.arctested.com;sherritt.protraining.com;
century.protraining.com
cementation.arctested.com
www.stateandmain-training.ca;www.stateandmain.protraining.com
orkin.protraining.com;orkintest.protraining.com;
www.elephantcastle-training.com;www.elephantcastle.protraining.com
agatraining.protraining.com
www.californialicenseexam.com
www.nyrealestateexam.com
acsa.protraining.com
www.wamitabskillsacademy.org.uk
valelongharbour.arctested.com;www.valelongharbour.arctested.com;vale.protraining.com;
mypipelinequiz.protraining.com;mypipelinequiz.com;monquizpipelines.com
clacscormtest.protraining.com
episandbox.protraining.com
cindidemo.protraining.com
diplomax.protraining.com
cresdev.protraining.com
acp2.protraining.com
csmls-design.protraining.com
fsitest.protraining.com
cliffs.eststraining.com;cliffs.protraining.com
stephen.protraining.com
benk.protraining.com
www.redtigersecurity.com;training.redtigersecurity.com
defensivedrivingalberta.com;www.defensivedrivingalberta.com;fleetsafety.protraining.com
mosaic.eststraining.com
gibraltarmine.eststraining.com;gibraltar.protraining.com
www.paltest.ca;www.paltestonline.ca;www.palalberta.com
johnsdemo.protraining.com;test234.protraining.com;069dfe5b.ngrok.io
www.training-ltl.ca;linemantestinglabs.protraining.com;
www.firearmslicensecanada.com;firearmslicensecanada.com;www.firearmsafety-newfoundland.com;www.firearmsafety-quebec.com;www.firearmsafety-newbrunswick.com;www.firearmsafety-nwt.com;www.firearmsafety-pei.com
webserver1.protraining.com
webserver2.protraining.com
webserver3.protraining.com
www.gunlicensealberta.com;gunlicensealberta.com;firearmsafety-alberta.com
www.gunlicensebc.com;gunlicensebc.com;firearmsafety-britishcolumbia.com;
www.firearmslicenseontario.com;firearmslicenseontario.com
www.firearmslicensemanitoba.com;firearmslicensemanitoba.com
www.saskatchewanhuntersafety.com;saskatchewanhuntersafety.com;firearmsafety-saskatchewan.com
www.firearmsprep.com;firearmsprep.com;www.firearmprep.com
www.cfscprep.com;cfscprep.com
www.palprep.com;palprep.com
csfcpal.protraining.com
www.cfsc-pal.com;cfsc-pal.com;www.firearmsafety-nunavut.com;www.gunprep.com;www.pal-cfsc.com;www.firearmsafety-yukon.com
www.istqbtest.com;istqbtest.com
www.indiaistqbexam.com;indiaistqbexam.com
prorealestate-dev.protraining.com
buildsite.protraining.com
www.danatecinctraining.com;danatecinctraining.com
cthdemo.protraining.com
closertohome.protraining.com
gcresponse.protraining.com
swsdanatec.protraining.com
gcdev.protraining.com
yow.protraining.com;lms.ottawa-airport.ca
www.tester.com
www.tester.com
www.mel-dev.protraining.com
estsiriss.protraining.com
t2testing.protraining.com
safetyexamsbuild.protraining.com
www.aoysfiretraining.com
oasys2.protraining.com
totalsafety.protraining.com
www.eclairdarc.com;estsfrench.protraining.com;www.eclairdarc.ca
www.estsfr.com;uppefrench.protraining.com
texasexamprep.protraining.com
digitalbadge.ca
test.digitalbadge.ca
tdgwhmis.protraining.com
wellcontrolstaging.protraining.com
webservices.yssecure.com
estswess.protraining.com
standardscaffold.protraining.com
www.gasdetectiontraining.ca;gasdetectiontraining.ca;xpan.protraining.com;gasdetectionalberta.com;gasdetectionbc.ca;gasdetectionbc.com;gasdetectionsaskatchewan.ca;gasdetectionsaskatchewan.com;oilfieldsafetytraining.ca;xactsafetytraining.com
www.ltlfrench.protraining.com
waatraining.protraining.com
unitedacademy.ur.com;urtrainingacademy.protraining.com
fsidev.protraining.com
safer-ir.com;iriss.protraining.com
msdsonline.protraining.com
www.examroot.ca
yslms.protraining.com
www.bowtraining.com
suncor.protraining.com
securetraining.protraining.com
www.atlanticelectricalsafety.ca
www.kidwisetraining.com
testj.protraining.com
ccsamples.protraining.com
ccsamples.protraining.com
www.wesstraining.com
unitedstaging.protraining.com
urstaging.protraining.com;unitedacademy.protraining.com
bena.protraining.com
bena.protraining.com
albertatdgtraining.protraining.com
amta.protraining.com
myghstraining.protraining.com
hawaiiexamcram.protraining.com
reminders.e-registry.ca;aara.protraining.com;reminders.eregistry.ca
goldcoastexams.protraining.com
www.ymmtraining.ca
examroothigh.protraining.com
yqrtraining.ca;www.yqrtraining.ca
huma.protraining.com
donotuseca.t2platform.com
bootcamp.getyardstick.com
richard.protraining.com
wvsecuritytraining.org;wvot.protraining.com
acsailt.protraining.com
donotusealaskahaztr.t2platform.com
donotusepenhaz1.t2platform.com
donotusepenhaz.t2platform.com
donotusetexashazcom.t2platform.com
donotusetexashazcomtraining.t2platform.com
donotusewvhaztra.t2platform.com
donotuseal.t2platform.com
donotusecaghstr.t2platform.com
donotusenorthdakota.t2platform.com
pennsylvaniaghstraining.com;www.pennsylvaniaghstraining.com
issa.proexams.com
hess.proexams.com;www.hesstraining.com;hesstraining.com
donotusesouthdakotahaz.t2platform.com
carasdemosite.protraining.com
donotusetexasghs.t2platform.com
donotusewv.t2platform.com
donotusealhaz.t2platform.com
donotusecalhaz.t2platform.com
donotusenorthdakotahazcom.t2platform.com
donotusenorthdakotahazomtraining.t2platform.com
donotusesouthdakotahazcom.t2platform.com
donotusesouthdakotahazcomtraining.t2platform.com
kemshademo.protraining.com
donotusewvhazcom.t2platform.com
cahf.ca;cahf.protraining.com
www.peterelzinga.com;www.peter.protraining.com;
hudsonsdev.protraining.com
bena.protraining.com
www.copperconsultingagency.ca;copper.protraining.com;
moxies.protraining.com
gefhousing.protraining.com
chop.protraining.com
sharkclub.protraining.com
rockford.protraining.com
aard.protraining.com
elearning.glenedmunds.com;edmunds.protraining.com
jairocks.protraining.com
explorer.estsportal.com;explorer.protraining.com;explorer.arctested.com
vijethademo.protraining.com
cits-nm.issa.com;issa.protraining.com
vijethapdemo.protraining.com
fundraisingacademy.protraining.com
rustici.protraining.com
efte.protraining.com
ben.protraining.com
ben.protraining.com
bens.protraining.com
iahssdev.protraining.com
techmation.eststraining.com;techmation.protraining.com;
gik.protraining.com
redd.protraining.com
cits.issa.com;issamembers.protraining.com
rpap.protraining.com
ascsafety.ca;asc.protraining.com;asconline.ca
danatecbadgedemo.t2platform.com
dillon.protraining.com
elearn.pacificpowertech.ca;pacificpowertech.protraining.com;training.pacificpowertech.ca
smartserve.protraining.com
craig.protraining.com
onlinetrainingcampusdemo.protraining.com
albertasafetycouncildemo.protraining.com
redesigndevelopment.protraining.com
globaltrainingcentre.protraining.com
cres.sandbox.protraining.com
queene.examroot.ca;queenelizabeth.protraining.com;
athabascadelta.examroot.ca;athabascadelta.protraining.com
www.yukonwhmistraining.com;yukonwhmistraining.protraining.com
www.nwtwhmistraining.com;nwtwhmistraining.protraining.com
www.newfoundlandwhmistraining.com;newfoundlandwhmistraining.protraining.com
dillontest.protraining.com
smartserve.protraining.com
ecaa-development.protraining.com
template.protraining.com
exams.skillstrainingcentre.co.uk;skillsacademy.protraining.com
www.vegas.protraining.com
talal.protraining.com
logrhythm.protraining.com
www.accessetraining.com;accessetraining.protraining.com;
iicdemo.protraining.com
demozimbra.protraining.com
www.remotesitesafety.ca;remotesitesafety.protraining.com
layne.protraining.com
concepts.protraining.com
www.protraining.com;mhat.protraining.com;stephenmhat.protraining.com
aiaredemo.protraining.com
fits.protraining.com
roundhouseenvironmental.ca;roundhouse.protraining.com
www.excellbatterytraining.com;excellbatterytraining.com
famosodev.protraining.com
autotests.protraining.com
creativedining.protraining.com
urgruen.protraining.com
dtec.protraining.com
www.ecaalrctraining.com;ecaa-supervisor.protraining.com
fallarrestresponsive.protraining.com
max.protraining.com
paul.protraining.com
res-site.protraining.com
albertatdgtrainingresponsive.protraining.com
mysafety.protraining.com
abwhmis.protraining.com
ontariotdg.protraining.com
ontariowhmis.protraining.com
whmisresponsive.protraining.com
eadnams.protraining.com
madefoods.protraining.com
boatsandbox.protraining.com
adrian.protraining.com
lee.protraining.com
share.protraining.com
best.protraining.com
www.eictraining.org;eictraining.protraining.com
www.hasctraining.com;hasctraining.com
texschool.com;tres.protraining.com
nu.protraining.com
estsecabc.protraining.com
etap.protraining.com
web10.protraining.com
oldscollege.protraining.com
eamsite.protraining.com
michelle.protraining.com
premiertech.eststraining.com
eamtraining.protraining.com
estsextreme.protraining.com
estspacific.protraining.com
estskjl.protraining.com
disabledtesteachers.protraining.com
primerica.protraining.com
boatsafety.protraining.com;boatsafetyonline.com
max2.protraining.com
sparkaviation.protraining.com
dondemo.protraining.com
asctest.protraining.com
www.ecasasktraining.ca;ecask.protraining.com
ecanb.protraining.com
leharbour.protraining.com
ahs.protraining.com
tamlo.protraining.com
www.vikingenterprisesafety.com;viking.protraining.com
protrainingdev.protraining.com
cmo.protraining.com
safeopedia.protraining.com
tourismworks.protraining.com